STABR,POPU_LSA,F_POPLSA,POPU_UND,F_POPUND,POPU_ST,F_POPST,CENTLIB,F_CENLIB,BRANLIB,F_BRLIB,BKMOB,F_BKMOB,MASTER,F_MASTER,LIBRARIA,F_LIBRAR,OTHPAID,F_OTHSTF,TOTSTAFF,F_TOTSTF,LOCGVT,F_LOCGVT,STGVT,F_STGVT,FEDGVT,F_FEDGVT,OTHINCM,F_OTHINC,TOTINCM,F_TOTINC,SALARIES,F_SALX,BENEFIT,F_BENX,STAFFEXP,F_TOSTFX,PRMATEXP,F_PRMATX,ELMATEXP,F_ELMATX,OTHMATEX,F_OTMATX,TOTEXPCO,F_TOCOLX,OTHOPEXP,F_OTHOPX,TOTOPEXP,F_TOTOPX,LCAP_REV,F_LCAPRV,SCAP_REV,F_SCAPRV,FCAP_REV,F_FCAPRV,OCAP_REV,F_OCAPRV,CAP_REV,F_TCAPRV,CAPITAL,F_TCAPX,BKVOL,F_BKVOL,EBOOK,F_EBOOK,AUDIO_PH,F_AUD_PH,AUDIO_DL,F_AUD_DL,VIDEO_PH,F_VID_PH,VIDEO_DL,F_VID_DL,DB_LO_OT,F_DB_L_O,DB_ST,F_DB_ST,DATABASE,F_DBASE,SUBSCRIP,F_PRSUB,HRS_OPEN,F_HRS_OP,VISITS,F_VISITS,REFERENC,F_REFER,REGBOR,F_REGBOR,TOTCIR,F_TOTCIR,KIDCIRCL,F_KIDCIR,ELMATCIR,F_EMTCIR,LOANTO,F_LOANTO,LOANFM,F_LOANFM,TOTPRO,F_TOTPRO,KIDPRO,F_KIDPRO,YAPRO,F_YAPRO,TOTATTEN,F_TOTATT,KIDATTEN,F_KIDATT,YAATTEN,F_YAATT,GPTERMS,F_GPTERM,PITUSR,F_PITUSR,WIFISESS,F_WIFISS,STARTDAT,F_STDAT,ENDDATE,F_ENDDAT,FIPSST,YR_SUB,OBEREG
AK,652274,R_14,652274,R_14,735601,R_14,85,R_14,16,R_14,1,R_14,58.81,R_14,112.53,R_14,190.51,R_14,303.04,R_14,32474960,R_14,1176158,R_14,1166883,R_14,3122020,R_14,37940021,R_14,13969263,R_14,9212580,R_14,23181843,R_14,2276916,R_14,488715,R_14,569660,R_14,3335291,R_14,9991895,R_14,36509029,R_14,4206200,R_14,20786393,R_14,500000,R_14,1289455,R_14,26782048,R_14,18337915,R_14,2434236,R_14,351606,R_14,116847,R_14,373121,R_14,277268,R_14,1181,R_14,695,R_14,4116,R_14,4811,R_14,5600,R_14,153410,R_14,3491307,R_14,392428,R_14,358089,R_14,4792662,R_14,1542743,IF14,264986,R_14,27745,R_14,28177,R_14,12803,R_14,8802,R_14,1528,R_14,279080,R_14,202322,R_14,25902,R_14,998,R_14,772129,R_14,479245,R_14,01/2013,R_14,06/2014,R_14,02,2015,08
AL,4822023,R_14,4822023,R_14,4822023,R_14,221,R_14,76,R_14,14,R_14,329.58,R_14,736.22,R_14,1080.88,R_14,1817.1,R_14,88056291,R_14,4736727,R_14,1081174,R_14,9247116,R_14,103121308,R_14,54292921,IF14,14390910,IF14,68683831,R_14,6505277,R_14,1413812,R_14,2701279,R_14,10620368,R_14,20658148,R_14,99962347,R_14,1835628,R_14,0,R_14,191962,R_14,1435752,R_14,3463342,R_14,4777481,R_14,9442086,R_14,2714815,IF14,450144,R_14,646206.21957672,IF14,620827,R_14,27411,IF14,974,R_14,12737,R_14,13711,R_14,8932,IF14,626821,R_14,17217402,IF14,4417062,IF14,2663716,R_14,20526321,R_14,6446717,R_14,2135785,IF14,427590,IF14,412054,IF14,42145,IF14,21685,R_14,4844,U_14,1053347,IF14,696970,R_14,77371,U_14,5302,IF14,4359414,IF14,15224387,IF14,10/2013,R_14,09/2014,R_14,01,2015,05
AR,2833849,R_14,2643928,R_14,2915918,R_14,54,R_14,179,R_14,2,R_14,142.01,IF14,286.4,IF14,767.09,IF14,1053.49,IF14,64665467,IF14,5495428,IF14,0,IF14,4633340,IF14,74794235,IF14,33653433,IF14,10389231,IF14,44042664,IF14,5533401,IF14,2023580,IF14,1895616,IF14,9452597,IF14,18375101,IF14,71870362,IF14,6288532,IF14,289274,IF14,0,IF14,611755,IF14,7189561,IF14,8489855,IF14,6304377,IF14,532433,IF14,230003,IF14,185583,IF14,401308,IF14,10028,IF14,563,IF14,3016,IF14,3579,IF14,10137,IF14,445052,IF14,10973629,IF14,2282111,IF14,1615238,IF14,14390348,IF14,3361119,IF14,1366838,IF14,28247,IF14,26991,IF14,34227,IF14,21081,IF14,4620,U_14,997901,IF14,712783,IF14,88721,U_14,2596,IF14,1970448,IF14,160450,IF14,01/2014,R_14,12/2014,R_14,05,2015,05
AS,61811,R_14,61241,R_14,61811,R_14,1,R_14,1,R_14,0,R_14,2,R_14,7,R_14,5,R_14,12,R_14,0,R_14,385000,R_14,85500,R_14,14000,R_14,484500,R_14,266881,R_14,42593,R_14,309474,R_14,29045,R_14,23366,R_14,10469,R_14,62880,R_14,147670,R_14,520024,R_14,0,R_14,0,R_14,0,R_14,0,R_14,0,R_14,0,R_14,40880,R_14,0,R_14,895,R_14,0,R_14,290,R_14,0,R_14,0,R_14,33,R_14,33,R_14,2,R_14,3680,R_14,70487,R_14,2119,R_14,14054,R_14,26191,R_14,9218,R_14,0,R_14,0,R_14,0,R_14,448,R_14,439,R_14,1,R_14,6999,R_14,6893,R_14,12,R_14,20,R_14,6295,R_14,0,R_14,10/2013,R_14,09/2014,R_14,60,2015,09
AZ,10501253,R_14,6667241,R_14,6667241,R_14,85,R_14,135,R_14,11,R_14,461.32,IF14,546.24,IF14,1485.28,IF14,2031.52,IF14,157746903,IF14,1611605,IF14,2029032,IF14,7024609,IF14,168412149,IF14,77164201,IF14,28609129,IF14,105773330,IF14,14556902,IF14,6231405,IF14,5788517,IF14,26576824,IF14,44262826,IF14,176612980,IF14,7588520,IF14,30000,IF14,55484,IF14,83500,IF14,7757504,IF14,3436844,IF14,8229850,IF14,1367378,IF14,689616,IF14,694223.167359949,IF14,1116663,IF14,6281,IF14,969,IF14,2430,R_14,3399,IF14,14239,IF14,482261,IF14,27609711,IF14,5754966,IF14,3118825,IF14,43672067,IF14,13265778,IF14,3280786,IF14,324668,IF14,367263,IF14,73875,IF14,37852,IF14,6702,R_14,1472963,IF14,1034731,IF14,109545,U_14,5593,IF14,8255038,IF14,5880952,IF14,07/2013,R_14,06/2014,R_14,04,2015,06
CA,38322887,R_14,38322887,R_14,38340074,R_14,167,R_14,950,R_14,53,R_14,2976.5,IF14,3209.71,IF14,8388.34,IF14,11598.05,IF14,1265099905,IF14,13614724,IF14,4633053,IF14,71630786,IF14,1354978468,IF14,565090291,IF14,281367947,IF14,846458238,IF14,68898041,IF14,24944727,IF14,18886309,IF14,112729077,IF14,326843919,IF14,1286031234,IF14,50568512,IF14,203848,IF14,74604,IF14,11337389,IF14,62184353,IF14,82960891,IF14,65409430,IF14,2978360,IF14,3530931,IF14,564568.105411644,IF14,5139201,IF14,135125,IF14,3947,IF14,116,IF14,4063,IF14,92902,IF14,2267921,IF14,164300175,IF14,23208453,IF14,21723648,IF14,222788583,IF14,92125557,IF14,10367341,IF14,3567561,IF14,3512390,IF14,342664,IF14,206627,IF14,33645,U_14,9491467,IF14,6909344,IF14,531379,U_14,21735,IF14,35000501,IF14,14252610,IF14,07/2013,R_14,06/2014,R_14,06,2015,08
CO,5238320,R_14,5177510,R_14,5264890,R_14,97,R_14,162,R_14,13,R_14,663.22,R_14,910.62,R_14,2340.11,R_14,3250.73,R_14,265575219,IF14,1233937,R_14,772338,R_14,16374433,R_14,283955927,IF14,129272590,IF14,36756147,IF14,166028737,IF14,16445553,IF14,9371697,IF14,9594308,IF14,35411558,IF14,61043834,IF14,262484129,IF14,10236392,R_14,42120,R_14,0,R_14,3663220,R_14,13941732,R_14,45987892,R_14,10316703,R_14,1390637,IF14,922877,R_14,522582.354609929,IF14,1344808,R_14,30485.679541002,IF14,2160,R_14,0,R_14,2160,R_14,25553,R_14,608043,R_14,32981666,IF14,4208956,IF14,3588616,IF14,64683932,IF14,22130016,IF14,5019199,IF14,786027,IF14,879725,IF14,106717,R_14,67253,R_14,9064,R_14,2647097,R_14,1799469,R_14,151930,R_14,6407,IF14,7395748,IF14,6234884,IF14,01/2014,R_14,12/2014,R_14,08,2015,07
CT,4374214,R_14,3596080,R_14,3596080,R_14,192,R_14,47,R_14,4,R_14,752.51,IF14,1074.91,IF14,1210.12,IF14,2285.03,IF14,168823962,IF14,1618933,IF14,330504,IF14,24624113,IF14,195397512,IF14,114615887,IF14,33333225,IF14,147949112,IF14,12363802,IF14,3577446,IF14,3217904,IF14,19159152,IF14,36150456,IF14,203258720,IF14,9834713,IF14,3037860,IF14,216618,IF14,9350986,IF14,22440177,IF14,26583582,IF14,14577630,IF14,1312468,IF14,826586,IF14,1025994,IF14,1122198,IF14,13481,IF14,1687,IF14,7606,IF14,9293,IF14,21268,IF14,551274,IF14,21972583,IF14,3494403,IF14,1647190,IF14,31081616,IF14,10896026,IF14,993703,IF14,934646,IF14,918765,IF14,95517,IF14,54737,IF14,7381,U_14,2003864,IF14,1226174,IF14,112501,U_14,4355,IF14,4465464,IF14,524318,IF14,07/2013,R_14,06/2014,R_14,09,2015,01
DC,658893,R_14,658893,R_14,658893,R_14,1,R_14,25,R_14,0,R_14,147,R_14,147,R_14,423,R_14,570,R_14,53095222,R_14,0,R_14,912671,R_14,180898,R_14,54188791,R_14,31828080,R_14,6851322,R_14,38679402,R_14,2000732,R_14,1340000,R_14,495000,R_14,3835732,R_14,11798205,R_14,54313339,R_14,12950000,R_14,0,R_14,0,R_14,0,R_14,12950000,R_14,10353699,R_14,1815540,R_14,177086,R_14,86416,R_14,16154,R_14,140667,R_14,804,R_14,74,R_14,0,R_14,74,R_14,2071,R_14,65208,R_14,4230790,R_14,921814,IA14,359371,R_14,3938767,R_14,1464871,R_14,715036,R_14,0,R_14,180,R_14,14357,R_14,8514,R_14,1566,R_14,284969,R_14,225815,R_14,15624,R_14,1000,R_14,1050623,R_14,-1,IA14,10/2013,R_14,09/2014,R_14,11,2015,02
DE,925244,R_14,925244,R_14,925244,R_14,19,R_14,13,R_14,2,R_14,63.58,R_14,121.72,R_14,208.31,R_14,330.03,R_14,19805621,R_14,3997939,R_14,2053,R_14,1861803,R_14,25667416,R_14,12628074,R_14,4724159,R_14,17352233,R_14,1797136,R_14,158409,R_14,635597,R_14,2591142,R_14,5049298,R_14,24992673,R_14,148240,R_14,3142715,R_14,0,R_14,1723942,R_14,5014897,R_14,10029794,R_14,1642715,R_14,415170,R_14,114600,R_14,53865,R_14,175643,R_14,0,R_14,54,R_14,651,R_14,705,R_14,4354,R_14,85420,R_14,3834672,R_14,405585,R_14,379791,R_14,6180769,R_14,2033292,R_14,247719,R_14,842407,R_14,816950,R_14,13056,R_14,5408,R_14,1197,R_14,256274,R_14,175335,R_14,17349,R_14,772,R_14,622515,R_14,139907,R_14,07/2013,R_14,06/2014,R_14,10,2015,02
FL,19813366,R_14,19464451,R_14,19839251,R_14,63,R_14,468,R_14,24,R_14,1669.69,IF14,1917.91,IF14,4074.37,IF14,5992.28,IF14,461436699,IF14,22913457,IF14,1181115,IF14,20302059,IF14,505833330,IF14,225861289,IF14,81550783,IF14,307412072,IF14,33012867,IF14,16421139,IF14,10771442,IF14,60205448,IF14,143395285,IF14,511012805,IF14,23899274,IF14,558107,IF14,0,IF14,378930,IF14,24836311,IF14,27841697,IF14,31602986,IF14,1797802,IF14,1947487,IF14,824733.434077903,IF14,3520618,IF14,140704,IF14,1844,IF14,4838,R_14,6682,IF14,43118,IF14,1244917,IF14,75553933,IF14,23686241,IF14,10615421,IF14,116693486,IF14,32665902,IF14,14456723,IF14,98964,IF14,125338,IF14,203578,IF14,96748,IF14,17006,R_14,4611959,IF14,2928059,IF14,314348,R_14,16781,IF14,19076151,IF14,3276803,IF14,10/2013,R_14,09/2014,R_14,12,2015,05
GA,10345555,R_14,10344907,R_14,10344907,R_14,63,R_14,332,R_14,13,R_14,598.08,R_14,598.08,R_14,2136.24,R_14,2734.32,R_14,159598459,R_14,27107821,R_14,477742,R_14,14087005,R_14,201271027,R_14,92301748,R_14,37636187,R_14,129937935,R_14,10619594,R_14,2887735,R_14,2051663,R_14,15558992,R_14,37486373,R_14,182983300,R_14,23784362,R_14,4709649,R_14,0,R_14,237562,R_14,28731573,R_14,28313315,R_14,16603157,R_14,335265,R_14,636670,R_14,259552.725412358,IF14,888316,R_14,1645.80944189602,IF14,254,R_14,10395,R_14,10649,R_14,16533,R_14,791940,R_14,29490195,R_14,8698842,IF14,4164735,R_14,39001826,R_14,17718473,R_14,959812,R_14,715298,R_14,707502,R_14,67489,R_14,40018,R_14,6326,R_14,1876992,R_14,1466586,R_14,113464,R_14,8604,R_14,13141148,R_14,3215671,R_14,07/2013,R_14,06/2014,R_14,13,2015,05
GU,159358,R_14,159358,R_14,159358,R_14,1,R_14,5,R_14,0,R_14,0,R_14,0,R_14,21,R_14,21,R_14,1107503,R_14,0,R_14,0,R_14,69961,R_14,1177464,R_14,585058,R_14,233936,R_14,818994,R_14,18583,R_14,39364,R_14,0,R_14,57947,R_14,50903,R_14,927844,R_14,0,R_14,0,R_14,120499,R_14,0,R_14,120499,R_14,0,R_14,263486,R_14,1335,R_14,985,R_14,84,R_14,191,R_14,0,R_14,2,R_14,0,R_14,2,R_14,76,R_14,6297,R_14,103593,R_14,35866,R_14,60625,R_14,39692,R_14,23489,R_14,0,R_14,12,R_14,0,R_14,1634,R_14,754,R_14,809,R_14,8028,R_14,6081,R_14,1770,R_14,547,R_14,39842,R_14,2369,R_14,10/2013,R_14,09/2014,R_14,66,2015,09
HI,1404054,R_14,1404054,R_14,1404054,R_14,1,R_14,49,R_14,2,R_14,171,R_14,172,R_14,375.5,R_14,547.5,R_14,0,R_14,29887434,R_14,1655900,R_14,2419833,R_14,33963167,R_14,22147533,R_14,229606,R_14,22377139,R_14,2118598,R_14,1167229,R_14,76731,R_14,3362558,R_14,7414411,R_14,33154108,R_14,0,R_14,18750000,R_14,0,R_14,0,R_14,18750000,R_14,8147957,R_14,3313134,R_14,22966,R_14,232174,R_14,9338,R_14,155949,R_14,0,R_14,0,R_14,94,R_14,94,R_14,2703,R_14,92285,R_14,4875365,R_14,673944,R_14,915100,R_14,6465428,R_14,2644008,R_14,301860,R_14,265,R_14,57,R_14,10005,R_14,6891,R_14,1926,R_14,275229,R_14,198898,R_14,46832,R_14,524,R_14,723305,R_14,177357,R_14,07/2013,R_14,06/2014,R_14,15,2015,08
IA,3096479,R_14,3051835,R_14,3092341,R_14,543,R_14,24,R_14,3,R_14,296.9,IF14,984.499999999999,IF14,771.429999999999,IF14,1755.93,IF14,107847482,IF14,2555833,IF14,857997,IF14,10510978,IF14,121772290,IF14,60411849,IF14,19347663,IF14,79759512,IF14,9635941,IF14,2493237,IF14,3221261,IF14,15350439,IF14,22662911,IF14,117772862,IF14,10874861,IF14,10536920,IF14,18521642,IF14,7605654,IF14,47539077,IF14,58636397,IF14,12000156,IF14,4667772,IF14,672180,IF14,2505618,IF14,940872,IF14,3772,IF14,1090,IF14,7346,IF14,8436,IF14,29548,IF14,1003536,IF14,18047771,IF14,1712143,IF14,2056436,IF14,27866711,IF14,9552741,IF14,1235784,IF14,350983,IF14,383006,IF14,75050,IF14,50700,IF14,6293,U_14,1620467,IF14,1281377,IF14,94146,U_14,4726,IF14,3422321,IF14,1786714,IF14,07/2013,R_14,06/2014,R_14,19,2015,04
ID,1364648,R_14,1355680,R_14,1634465,R_14,100,R_14,44,R_14,11,R_14,96.15,R_14,208.46,R_14,556.04,R_14,764.5,R_14,46162010,R_14,1360679,R_14,21931,R_14,4146131,R_14,51690751,R_14,23239633,R_14,7268027,R_14,30507660,R_14,4012661,R_14,1155658,R_14,672774,R_14,5841093,R_14,12517171,R_14,48865924,R_14,1582052,R_14,6861,R_14,81892,R_14,359334,R_14,2030139,R_14,3432730,R_14,4323706,R_14,242096,R_14,234524,IF14,65548,R_14,316865,IF14,533,R_14,195,R_14,5253,R_14,5448,R_14,6125,R_14,275749,IF14,8730670,R_14,1332927,IF14,846363,IF14,14336583,R_14,6555671,IF14,650254,IF14,149736,IF14,153159,IF14,30325,IF14,21377,IF14,2931,U_14,767031,R_14,631032,R_14,53030,U_14,1792,R_14,1878131,IF14,266527,IF14,10/2013,R_14,09/2014,R_14,16,2015,07
IL,11711641,R_14,11677289,R_14,12880580,R_14,625,R_14,157,R_14,19,R_14,2146.19,IF14,3154.25,IF14,5465.73,IF14,8619.98,IF14,714407174,IF14,44736498,IF14,3382151,IF14,39559647,IF14,802085470,IF14,370966438,IF14,94584774,IF14,465551212,IF14,48067899,IF14,19273379,IF14,14036924,IF14,81378202,IF14,163518559,IF14,710447973,IF14,40745694,IF14,25243857,IF14,31054,IF14,7371571,IF14,73392176,IF14,117370901,IF14,43503775,IF14,7157642,IF14,2688520,IF14,2264329.12514727,IF14,3494083,IF14,185390.862655036,IF14,7717,IF14,13750,R_14,21467,IF14,85144,IF14,1927485,IF14,72605776,IF14,10405493,IF14,5606184,IF14,114164794,IF14,45840309,IF14,4669188,IF14,5428275,IF14,5469695,IF14,194683,IF14,119282,IF14,16791,R_14,4693071,IF14,3293369,IF14,316295,U_14,15867,IF14,13885831,IF14,-1,IA14,10/2012,R_14,06/2014,R_14,17,2015,03
IN,6219453,R_14,6100143,R_14,6483802,R_14,236,R_14,191,R_14,25,R_14,940.63,IF14,1435.34,IF14,2942.43,IF14,4377.77,IF14,294462940,IF14,21600414,IF14,903429,IF14,16083730,IF14,333050513,IF14,144092072,IF14,47270015,IF14,191362087,IF14,24392433,IF14,10325158,IF14,8497580,IF14,43215171,IF14,75416413,IF14,309993671,IF14,29005601,IF14,1838563,IF14,413844,IF14,6321895,IF14,37579903,IF14,30388819,IF14,24369165,IF14,4227186,IF14,1584384,IF14,704925,IF14,2112776,IF14,41480,IF14,3264,R_14,14694,R_14,17958,R_14,46128,IF14,1094830,IF14,35441059,IF14,4559518,IF14,3716275,IF14,77209842,IF14,24002327,IF14,10708637,IF14,365020,IF14,368906,IF14,137956,IF14,81430,IF14,13356,U_14,2974236,IF14,1933209,IF14,195244,U_14,8759,IF14,7226264,IF14,6532952,IF14,01/2014,R_14,12/2014,R_14,18,2015,03
KS,2495794,R_14,2495794,R_14,2893957,R_14,327,R_14,49,R_14,5,R_14,279.23,IF14,700.26,IF14,1022.48,IF14,1722.74,IF14,104906554,IF14,4029830,IF14,244888,IF14,11872646,IF14,121053918,IF14,56756885,IF14,17035226,IF14,73792111,IF14,8828932,IF14,2947364,IF14,2623055,IF14,14399351,IF14,26913847,IF14,115105309,IF14,2327183,R_14,0,R_14,0,R_14,1800259,R_14,4127442,R_14,4202532,IF14,9300570,IF14,302365,IF14,480597,IF14,45385.3832988777,IF14,819423,IF14,18462.5880193688,IF14,396,IF14,17056,R_14,17452,IF14,14972,IF14,688140,IF14,13931862,IF14,1990621,IF14,1774222,IF14,25043430,IF14,9575369,IF14,869183,IF14,879144,IF14,883506,IF14,58951,IF14,35508,IF14,5523,R_14,1240790,IF14,871178,IF14,80953,R_14,3740,IF14,3165157,IF14,654016,IF14,01/2014,R_14,12/2014,R_14,20,2015,04
KY,4395295,R_14,4395295,R_14,4395295,R_14,119,R_14,87,R_14,75,R_14,349.42,R_14,1199.75,R_14,978.61,R_14,2178.36,R_14,161990162,R_14,5499282,R_14,631093,R_14,8515586,R_14,176636123,R_14,63983150,R_14,23932804,R_14,87915954,R_14,11155043,R_14,4405180,R_14,4302424,R_14,19862647,R_14,31630358,R_14,139408959,R_14,1833141,R_14,401500,R_14,16647,R_14,2170160,R_14,4421448,R_14,31151779,R_14,9032867,R_14,6915930,R_14,517217,R_14,2017976,R_14,806143,R_14,922536.364179104,IF14,1207,R_14,3624,R_14,4831,R_14,17243,R_14,628550,R_14,19283936,R_14,4466855,R_14,2664920,R_14,30480023,R_14,9674960,R_14,1898523,IF14,55680,R_14,78242,R_14,89404,R_14,58369,R_14,7055,R_14,2006238,R_14,1426392,R_14,113081,R_14,4858,R_14,4550684,R_14,1266660,R_14,07/2013,R_14,06/2014,R_14,21,2015,05
LA,4671955,R_14,4629284,R_14,4629284,R_14,68,R_14,272,R_14,28,R_14,457.54,R_14,1048.21,R_14,1586.36,IF14,2634.57,IF14,226021907,R_14,6325343,R_14,635572,R_14,5902838,R_14,238885660,R_14,87464372,IF14,32394437,IF14,119858809,IF14,13609036,R_14,5284424,R_14,5039913,R_14,23933373,R_14,56202099,R_14,199994281,IF14,11649738,R_14,1000000,R_14,859359,R_14,2809062,R_14,16318159,R_14,46348769,R_14,11895895,R_14,879540,R_14,465752,R_14,295813,R_14,1055908,R_14,44857,R_14,719,R_14,4284,R_14,5003,R_14,23003,R_14,790760,R_14,17242110,R_14,4574434,IF14,2476596,R_14,20838047,R_14,4932712,R_14,1887715,R_14,93055,R_14,104495,R_14,75024,R_14,41820,R_14,10501,R_14,1800229,R_14,1133928,R_14,169931,R_14,5359,R_14,5276086,R_14,1819445,IF14,01/2014,R_14,12/2014,R_14,22,2015,05
MA,6672700,R_14,6587339,R_14,6587339,R_14,370,R_14,94,R_14,4,R_14,1260.69,IF14,1798.56,IF14,1909.86,IF14,3708.42,IF14,251775710,IF14,6938700,IF14,497265,IF14,26355659,IF14,285567334,IF14,181015565,IF14,27920430,IF14,208935995,IF14,22409912,IF14,6232340,IF14,6745156,IF14,35387408,IF14,49071634,IF14,293395037,IF14,22578841,IF14,14315472,IF14,31980,IF14,5465370,IF14,42391663,IF14,45965755,IF14,31284463,IF14,7479050,IF14,1499943,IF14,1828193.82836879,IF14,1900442,IF14,114769,IF14,5009,IF14,22200,R_14,27209,IF14,44545,IF14,916634,IF14,42011647,IF14,4884966,IF14,3395801,IF14,63106520,IF14,20922023,IF14,1490755,IF14,6677783,IF14,6805551,IF14,128677,IF14,74280,IF14,10265,U_14,2565482,IF14,1767577,IF14,122424,U_14,6430,IF14,7279216,IF14,1526660,IF14,07/2013,R_14,06/2014,R_14,25,2015,01
MD,5828289,R_14,5828289,R_14,5828289,R_14,15,R_14,172,R_14,16,R_14,651.08,R_14,1348.86,R_14,1982.3,R_14,3331.16,R_14,223793485,R_14,51318496,R_14,975471,R_14,29378702,R_14,305466154,R_14,138497400,R_14,54510282,R_14,193007682,R_14,19429066,R_14,7406725,R_14,7500928,R_14,34336719,R_14,35707386,IF14,263051787,IF14,28144869,R_14,1415118,R_14,0,R_14,262163,R_14,29822150,R_14,42103479,R_14,12735957,R_14,1906659,R_14,1068364,R_14,1477036,R_14,1106941,R_14,9070,IF14,546,R_14,216,R_14,762,R_14,22846,R_14,485019,R_14,27793912,R_14,8640094,R_14,3491938,R_14,58307979,R_14,22592868,R_14,-1,IA14,266163,R_14,302038,R_14,64001,R_14,42531,R_14,5190,R_14,1784890,R_14,1274009,R_14,132072,R_14,4858,R_14,6494653,R_14,3135070,IF14,07/2013,R_14,06/2014,R_14,24,2015,02
ME,1339278,R_14,1218380,R_14,1330089,R_14,264,R_14,6,R_14,1,R_14,155.77,IF14,339.94,IF14,341.87,IF14,681.81,IF14,32241871,IF14,363900,IF14,48024,IF14,11666538,IF14,44320333,IF14,24183169,IF14,5981915,IF14,30165084,IF14,3181751,IF14,377267,IF14,670177,IF14,4229195,IF14,9458249,IF14,43852528,IF14,2499606,IF14,0,IF14,74363,IF14,7382086,IF14,9956055,IF14,7393396,IF14,6311244,IF14,1250177,IF14,230770,IF14,811873,IF14,362614,IF14,14327,IF14,17442,R_14,1,R_14,17443,R_14,9476,IF14,382344,IF14,6913327,IF14,757957,IF14,759409,IF14,9372346,IF14,3451159,IF14,464261,IF14,488254,IF14,539942,IF14,38412,IF14,21882,IF14,2354,R_14,581480,IF14,352537,IF14,24162,R_14,1961,IF14,1206007,IF14,136935,IF14,04/2013,R_14,12/2014,R_14,23,2015,01
MI,9849089,R_14,9844810,R_14,9898193,R_14,385,R_14,259,R_14,9,R_14,1238.11,IF14,1777.89,IF14,3012.81,IF14,4790.7,IF14,359285768,IF14,11070837,IF14,486509,IF14,25404155,IF14,396247269,IF14,174190243,IF14,62945210,IF14,237135453,IF14,24013147,IF14,6630975,IF14,9540514,IF14,40184636,IF14,93853803,IF14,371173892,IF14,6850972,IF14,49290,IF14,159986,IF14,7118309,IF14,14178557,IF14,24794044,IF14,32565459,IF14,2803502,IF14,1968511,IF14,971790.290178462,IF14,2451954,IF14,46626.1913875598,IF14,1699,IF14,15560,R_14,17259,IF14,50621,IF14,1425210,IF14,50132634,IF14,9284074,IF14,5128464,IF14,83845712,IF14,26693442,IF14,5906653,IF14,2740279,IF14,2931252,IF14,125326,IF14,69603,IF14,11135,U_14,3167988,IF14,2100613,IF14,203240,U_14,11930,IF14,10827079,IF14,5654741,IF14,12/2012,R_14,09/2014,R_14,26,2015,03
MN,5739502,R_14,5417838,R_14,5417838,R_14,129,R_14,227,R_14,8,R_14,519.2,R_14,775.15,R_14,1361.81,R_14,2136.96,R_14,182233620,IF14,8918905,IF14,97563,IF14,19938516,IF14,211188604,IF14,98927386,IF14,32418492,IF14,131345878,IF14,14499431,IF14,5041239,IF14,4471933,IF14,24012603,IF14,51291274,IF14,206649755,IF14,20663779,IF14,29332,IF14,0,IF14,212052,IF14,20905163,IF14,23940529,IF14,14612520,IF14,3471705,R_14,883217,IF14,458876,R_14,985434,IF14,27497,R_14,1015,R_14,6576,R_14,7591,R_14,26248,IF14,727435,IF14,24566264,IF14,3964376,IF14,4080678,IF14,54127960,IF14,20814829,IF14,3936316,IF14,1148394,IF14,1091411,IF14,62120,IF14,37914,IF14,6263,R_14,1396310,IF14,1032396,IF14,76959,R_14,5630,R_14,5441683,IF14,864660,IF14,01/2014,R_14,12/2014,R_14,27,2015,04
MO,5476144,R_14,5476144,R_14,6044917,R_14,139,R_14,223,R_14,27,R_14,270.27,R_14,798.53,R_14,2341.64,R_14,3140.17,R_14,223182602,R_14,4033130,R_14,2212267,R_14,14188411,R_14,243616410,R_14,102489201,R_14,32038518,R_14,134527719,R_14,18058010,R_14,8106515,R_14,6513523,IF14,32678048,IF14,54418076,R_14,221623843,IF14,2423701,R_14,0,R_14,0,R_14,1021273,R_14,3444974,R_14,10317626,R_14,16795429,R_14,273974,R_14,983276,R_14,83014,R_14,1126986,R_14,9530,IF14,1149,R_14,1596,R_14,2745,R_14,33921,R_14,910767,R_14,29533421,R_14,3605038,R_14,3289934,IF14,55722391,R_14,18600038,IF14,2972846,R_14,335277,R_14,372666,R_14,89474,IF14,46818,R_14,7009,R_14,2268611,R_14,1646678,R_14,171055,R_14,4945,R_14,6376873,R_14,1306989,IF14,10/2012,R_14,10/2014,R_14,29,2015,04
MP,53883,R_14,53883,R_14,53883,R_14,1,R_14,1,R_14,0,R_14,-1,U_14,-1,U_14,-1,U_14,-1,U_14,-1,U_14,-1,U_14,-1,U_14,-1,U_14,-1,U_14,-1,U_14,-1,U_14,-1,U_14,-1,U_14,-1,U_14,-1,U_14,-1,U_14,-1,U_14,-1,U_14,-1,U_14,-1,U_14,-1,U_14,-1,U_14,-1,U_14,-1,U_14,-1,U_14,-1,U_14,-1,U_14,-1,U_14,-1,U_14,-1,U_14,-1,U_14,-1,U_14,-1,U_14,-1,U_14,-1,U_14,-1,U_14,-1,U_14,-1,U_14,-1,U_14,-1,U_14,-1,U_14,-1,U_14,-1,U_14,-1,U_14,-1,U_14,-1,U_14,-1,U_14,-1,U_14,-1,U_14,-1,U_14,-1,U_14,-1,U_14,10/2013,R_14,09/2014,R_14,69,2015,09
MS,3001323,R_14,2982557,R_14,2994079,R_14,52,R_14,183,R_14,2,R_14,130.78,R_14,630.29,R_14,310.26,R_14,940.55,R_14,35863756,R_14,8068541,R_14,1490662,R_14,6327061,R_14,51750020,R_14,24366403,R_14,8436587,R_14,32802990,R_14,3227364,R_14,505753,R_14,715380,R_14,4448497,R_14,11524643,R_14,48776130,R_14,24397,R_14,62190,R_14,318682,R_14,54160,R_14,459429,R_14,841053,R_14,5641524,R_14,60677,IF14,203485,R_14,16402,IF14,332341,R_14,296,IF14,170,IF14,2704,R_14,2874,R_14,6397,R_14,444649,R_14,9191161,R_14,1568287,R_14,1637307,R_14,8066272,R_14,2294487,R_14,123805,IF14,13924,R_14,20712,R_14,25659,R_14,14473,IF14,1999,R_14,637635,R_14,424681,IF14,29858,R_14,2769,R_14,2522679,R_14,401928,IF14,10/2013,R_14,09/2014,R_14,28,2015,05
MT,996627,R_14,988533,R_14,988533,R_14,82,R_14,33,R_14,4,R_14,72.11,R_14,190.3,R_14,192.85,R_14,383.15,R_14,24590502,R_14,569829,R_14,11830,R_14,1929253,R_14,27101414,R_14,13075407,R_14,4589376,R_14,17664783,R_14,1833750,R_14,458010,R_14,479054,R_14,2770814,R_14,4799316,R_14,25234913,R_14,7594454,R_14,0,R_14,0,R_14,76845,R_14,7671299,R_14,7609135,R_14,2566095,R_14,953053,R_14,107035,R_14,688152,R_14,184416,R_14,21580,R_14,136,R_14,2788,R_14,2924,R_14,4030,R_14,220094,R_14,4703036,R_14,536952,R_14,481933,R_14,5941658,R_14,2126891,IF14,477955,IF14,220081,IF14,231622,IF14,14329,R_14,9349,R_14,1197,R_14,311284,IF14,208543,IF14,21168,R_14,1282,R_14,1912867,IF14,220258,R_14,07/2013,R_14,06/2014,R_14,30,2015,07
NC,9861952,R_14,9861952,R_14,9861952,R_14,69,R_14,316,R_14,23,R_14,718.88,R_14,771.64,R_14,2135.19,R_14,2906.83,R_14,183175530,R_14,13851494,R_14,1606642,R_14,13967234,R_14,212600900,R_14,104608452,R_14,37639192,R_14,142247644,R_14,15096236,R_14,3781534,R_14,2801557,R_14,21679327,R_14,38479511,R_14,202406482,R_14,8267770,R_14,74275,R_14,363561,R_14,58962,R_14,8764568,R_14,11163529,R_14,16751726,R_14,3335644,R_14,710239,R_14,470675,R_14,814043,R_14,85921,R_14,479,R_14,5280,R_14,5759,R_14,22118,IF14,921072,R_14,35106249,R_14,6726172,IF14,5059879,R_14,52848517,R_14,22152512,R_14,2555373,R_14,177222,IF14,194317,IF14,120019,R_14,81887,R_14,8607,R_14,2605492,R_14,2112685,R_14,129165,R_14,7671,R_14,7806189,R_14,1305266,IF14,07/2013,R_14,06/2014,R_14,37,2015,05
ND,650604,R_14,650604,R_14,739482,R_14,78,R_14,4,R_14,11,R_14,39.88,R_14,134.27,R_14,111.03,R_14,245.3,R_14,15478970,R_14,1547176,R_14,11532,R_14,1263219,R_14,18300897,R_14,8517104,R_14,2373551,R_14,10890655,R_14,1737302,R_14,411533,R_14,326663,R_14,2475498,R_14,3944576,R_14,17310729,R_14,168937,R_14,0,R_14,13950,R_14,8069,R_14,190956,R_14,347748,R_14,2303520,R_14,384491,R_14,90461,R_14,119286,R_14,119605,R_14,12613,R_14,1886,R_14,1975,R_14,3861,R_14,3665,R_14,143815,R_14,2186038,IF14,373837,IF14,281392,IF14,3994628,IF14,1415983,IF14,219027,IF14,59012,R_14,38913,R_14,7940,IF14,5265,IF14,1267,U_14,183507,IF14,145049,IF14,12589,U_14,848,R_14,577405,IF14,132129,IF14,01/2014,R_14,12/2014,R_14,38,2015,04
NE,1541684,R_14,1541684,R_14,1868969,R_14,267,R_14,19,R_14,7,R_14,115.43,IF14,357.64,IF14,435.79,IF14,793.43,IF14,51712793,IF14,556044,IF14,249700,IF14,3264701,IF14,55783238,IF14,26518379,IF14,8441498,IF14,34959877,IF14,4943174,IF14,1486558,IF14,1098111,IF14,7527843,IF14,9854306,IF14,52342026,IF14,1307034,IF14,0,IF14,267000,IF14,1912851,IF14,3486885,IF14,3074996,IF14,5915734,IF14,2697124,IF14,254574,IF14,1239000,IF14,342263,IF14,268,IF14,888,IF14,5073,R_14,5961,IF14,13222,IF14,451258,IF14,8333692,IF14,826080,IF14,1085590,IF14,13162862,IF14,5817452,IF14,783010,IF14,31470,IF14,30219,IF14,32543,IF14,20349,IF14,3018,U_14,726967,IF14,563590,IF14,43840,U_14,2942,IF14,2130767,IF14,967657,IF14,01/2013,R_14,12/2014,R_14,31,2015,04
NH,1445227,R_14,1174260,R_14,1323259,R_14,228,R_14,5,R_14,0,R_14,221.31,IF14,474.96,IF14,334.39,IF14,809.35,IF14,53800224,IF14,58492,IF14,3674,IF14,4245833,IF14,58108223,IF14,32318917,IF14,9852642,IF14,42171559,IF14,4205907,IF14,753284,IF14,1059727,IF14,6018918,IF14,9548236,IF14,57738713,IF14,2292678,IF14,0,IF14,3930,IF14,2351695,IF14,4648303,IF14,3275912,IF14,5860768,IF14,4248095,IF14,282062,IF14,1602898,IF14,439419,IF14,237,IF14,822,IF14,5244,R_14,6066,IF14,11333,IF14,392563,IF14,7509774,IF14,901415,IF14,809993,IF14,10448050,IF14,4102499,IF14,717879,IF14,251521,IF14,258797,IF14,46351,IF14,26420,IF14,2944,U_14,749247,IF14,490198,IF14,32649,U_14,1473,IF14,991583,IF14,176166,IF14,07/2013,R_14,12/2014,R_14,33,2015,01
NJ,9414939,R_14,8708750,R_14,8791894,R_14,296,R_14,143,R_14,12,R_14,1177.28,IF14,1410.33,IF14,3323.64,IF14,4733.97,IF14,449614622,IF14,3786577,IF14,835625,IF14,18793799,IF14,473030623,IF14,231317535,IF14,94681183,IF14,325998718,IF14,26734242,IF14,6113387,IF14,7917806,IF14,40765435,IF14,86341388,IF14,453105541,IF14,9913006,IF14,189548,IF14,540800,IF14,1385852,IF14,12029206,IF14,10372327,IF14,28228099,IF14,3162812,IF14,1721872,IF14,2457318.85185185,IF14,2106354,IF14,280548.805969302,IF14,4318,IF14,8288,R_14,12606,IF14,50033,IF14,1176738,IF14,45848755,IF14,7756313,IF14,4408002,IF14,58683207,IF14,22895245,IF14,2580124,IF14,2365731,IF14,2359827,IF14,178601,IF14,95163,IF14,15732,R_14,3335649,IF14,2000242,IF14,207662,R_14,8023,IF14,9799563,IF14,4210632,IF14,01/2014,R_14,12/2014,R_14,34,2015,02
NM,1670727,R_14,1646422,R_14,2085287,R_14,95,R_14,27,R_14,1,R_14,125.64,IF14,282.04,IF14,377.23,IF14,659.27,IF14,42323009,IF14,2708991,IF14,207372,IF14,2719540,R_14,47958912,IF14,20894260,IF14,8057770,IF14,28952030,IF14,4025980,IF14,1554520,IF14,1124687,IF14,6705187,IF14,9816345,IF14,45473562,IF14,5671834,IF14,2926859,IF14,206057,IF14,379546,IF14,9184296,IF14,7760951,R_14,4309295,IF14,197152,IF14,210179,IF14,89883,IF14,307311,IF14,1177,IF14,460,IF14,4275,R_14,4735,IF14,6300,IF14,257155,IF14,7351791,IF14,1426952,IF14,1029945,IF14,9226822,IF14,2981691,IF14,542564,IF14,16077,IF14,20792,IF14,20050,IF14,11397,IF14,2763,U_14,469943,IF14,335275,IF14,37130,U_14,1639,IF14,2094371,IF14,1916770,IF14,07/2013,R_14,06/2014,R_14,35,2015,06
NV,2795962,R_14,2795962,R_14,2795962,R_14,18,R_14,67,R_14,3,R_14,166.48,R_14,203.06,R_14,633.85,R_14,836.91,R_14,63624617,R_14,21665481,R_14,1060515,R_14,3584631,R_14,89935244,R_14,39426116,R_14,14978257,R_14,54404373,R_14,5423622,R_14,2247627,R_14,2580105,R_14,10251354,R_14,13810612,R_14,78466339,R_14,409050,R_14,0,R_14,0,R_14,632821,R_14,1041871,R_14,890622,R_14,4297937,R_14,215253,R_14,398235,R_14,80046,R_14,585559,R_14,27075,R_14,206,R_14,756,R_14,962,R_14,6521,R_14,162956,R_14,10525170,IF14,1528487,R_14,1323756,R_14,21042400,R_14,6918478,R_14,1182034,IF14,185870,R_14,128629,R_14,25878,R_14,14217,R_14,1172,R_14,814150,R_14,486550,R_14,24376,R_14,1307,R_14,2736610,R_14,1203473,R_14,07/2013,R_14,06/2014,R_14,32,2015,08
NY,19521570,R_14,19378102,R_14,19378102,R_14,755,R_14,310,R_14,7,R_14,3437.24000000001,R_14,4073.88000000001,R_14,8390.97,R_14,12464.85,R_14,1080968139,R_14,63255442,R_14,5792339,R_14,191656418,R_14,1341672338,R_14,605134988,R_14,270976297,R_14,876111285,R_14,63359838,R_14,22665285,R_14,16065413,R_14,102090536,R_14,238606490,R_14,1216808311,R_14,19124796,R_14,10413010,R_14,0,R_14,87067000,R_14,116604806,R_14,126989107,R_14,70815265,R_14,14596150,R_14,3509047,R_14,3453399,R_14,5154677,R_14,745920,IF14,13183,R_14,8316,R_14,21499,R_14,166683,R_14,2392554,R_14,106453546,R_14,28105028,IF14,10925440,R_14,143089084,R_14,44788256,R_14,10768618,IF14,7370942,R_14,7438907,R_14,500005,R_14,213468,R_14,55526,U_14,8951644,R_14,4630849,R_14,725295,U_14,19411,R_14,22261108,R_14,9771506,R_14,03/2013,R_14,12/2014,R_14,36,2015,02
OH,11525088,R_14,11525088,R_14,11525088,R_14,239,R_14,470,R_14,53,R_14,1901.03,IF14,2598.91,R_14,6335.88,R_14,8934.79,R_14,332528033,IF14,345037953,R_14,459460,R_14,79941208,R_14,757966654,IF14,338687062,R_14,109128539,R_14,447815601,R_14,45861255,R_14,18901253,IF14,32163245,IF14,96925753,IF14,142700760,R_14,687442114,IF14,2840,IF14,0,IF14,189751,IF14,7274105,IF14,7466696,IF14,64418500,IF14,42782249,R_14,40371164,IF14,3516670,IF14,10589572,IF14,5085701,R_14,705723.761937479,IF14,3831,IF14,21335,R_14,25166,IF14,133648,R_14,1873378,R_14,82495138,IF14,19664931,IF14,9043300,R_14,183628646,IF14,54653931,IF14,11955336,IF14,11912575,IF14,11469527,IF14,270480,IF14,174003,IF14,26919,U_14,6106582,R_14,4513893,R_14,456598,R_14,12931,IF14,20037428,IF14,4381429,IF14,01/2014,R_14,12/2014,R_14,39,2015,03
OK,3160556,R_14,3156166,R_14,3888566,R_14,116,R_14,96,R_14,4,R_14,293.52,R_14,679.94,R_14,789.15,R_14,1469.09,R_14,105045474,R_14,2238182,R_14,608529,R_14,5688044,R_14,113580229,R_14,53933788,R_14,18060053,R_14,71993841,R_14,8689746,R_14,3285626,R_14,3306177,R_14,15281549,R_14,24413560,R_14,111688950,R_14,11313217,R_14,843,R_14,33032,R_14,616263,R_14,11963355,R_14,11757353,R_14,7152132,R_14,1647955,R_14,473873,R_14,417929,R_14,422044,R_14,22679,R_14,588,R_14,4095,R_14,4683,R_14,8520,R_14,498711,R_14,13687407,R_14,2508272,R_14,2043524,R_14,21853577,R_14,7367363,R_14,5620576,IF14,31601,R_14,39950,R_14,39114,R_14,20974,R_14,4134,R_14,1161528,R_14,757565,R_14,79888,R_14,3067,R_14,3619212,R_14,684920,IF14,07/2013,R_14,06/2014,R_14,40,2015,06
OR,3754296,R_14,3754296,R_14,3919020,R_14,127,R_14,95,R_14,7,R_14,411.11,IF14,499.04,R_14,1302.17,R_14,1801.21,R_14,188339786,R_14,1269070,R_14,792545,R_14,10673983,R_14,201075384,R_14,82257985,R_14,43710543,R_14,125968528,R_14,10723781,R_14,4366675,R_14,3963201,R_14,19053657,R_14,43888018,R_14,188910203,R_14,6736695,R_14,13109,R_14,154421,R_14,1623547,R_14,8527772,R_14,8282534,R_14,9872900,R_14,3895007,R_14,752264,R_14,2572488,R_14,918553,R_14,148429.245735303,IF14,1167,R_14,3120,R_14,4287,R_14,17402,R_14,424778,R_14,21640633,IF14,2329663,IF14,1961047,IF14,57135908,R_14,19896265,IF14,2153644,IF14,4977406,R_14,4676376,R_14,65817,R_14,45164,R_14,6532,U_14,1518406,R_14,1227929,R_14,74656,U_14,3135,R_14,3883152,IF14,13104454,IF14,07/2013,R_14,06/2014,R_14,41,2015,08
PA,12446680,R_14,12428101,R_14,12702379,R_14,451,R_14,170,R_14,23,R_14,1164.29,IF14,1481.54,IF14,2961.98,IF14,4443.52,IF14,223409031,IF14,57379652,IF14,1819838,IF14,61268159,IF14,343876680,IF14,163050108,IF14,58030442,IF14,221080550,IF14,22371974,IF14,7011479,IF14,6021933,IF14,35405386,IF14,78001488,IF14,334487424,IF14,1460478,IF14,494847,IF14,111517,IF14,7631612,IF14,9698454,IF14,21257729,IF14,25780211,IF14,5301993,IF14,2140503,IF14,2282611.32289731,IF14,1857006,IF14,417155.8791894,IF14,4022,IF14,6825,R_14,10847,IF14,45727,IF14,1444417,IF14,44791865,IF14,7851903,IF14,5330482,IF14,66393992,IF14,24540460,IF14,4570604,IF14,4436687,IF14,4507204,IF14,207872,IF14,125188,IF14,19448,R_14,4101104,IF14,2955004,IF14,270086,R_14,8050,IF14,8543924,IF14,6372909,IF14,07/2013,R_14,12/2014,R_14,42,2015,02
PR,3970205,R_14,1652260,R_14,2548397,R_14,58,R_14,78,R_14,1,R_14,9,U_14,79,U_14,189,U_14,268,U_14,2529128,U_14,53340,U_14,271930,U_14,15944,U_14,1713775,U_14,2586350,U_14,353245,U_14,2799330,U_14,44115,U_14,18703,U_14,14128,U_14,65319,U_14,593764,U_14,1313810,U_14,1168481,U_14,112517,U_14,164598,U_14,-1,U_14,-1,U_14,1370461,U_14,169218,U_14,30152,U_14,3640,U_14,30,U_14,3994,U_14,12,U_14,175,U_14,1,U_14,176,U_14,16,U_14,139201,U_14,431263,U_14,85951,U_14,69916,U_14,45047,U_14,20285,U_14,20780,U_14,28,U_14,11,U_14,450,U_14,196,U_14,149,U_14,24709,U_14,7306,U_14,5789,U_14,849,U_14,192340,U_14,0,U_14,01/2014,R_14,12/2014,R_14,72,2015,09
RI,1431901,R_14,1051511,R_14,1051511,R_14,47,R_14,23,R_14,1,R_14,206.98,R_14,248.51,R_14,336.59,R_14,585.1,R_14,32083396,R_14,8024252,R_14,422707,R_14,6399795,R_14,46930150,R_14,25246451,R_14,8817963,R_14,34064414,R_14,2418106,R_14,516649,R_14,702647,R_14,3637402,R_14,8169346,R_14,45871162,R_14,2162048,R_14,911487,R_14,246723,R_14,1728006,R_14,5048264,R_14,5371737,R_14,4233090,R_14,1226544,R_14,147763,R_14,463627,R_14,225827,R_14,13703,R_14,177,R_14,1776,R_14,1953,R_14,5141,R_14,157940,R_14,6025726,R_14,694308,IF14,466618,R_14,7161678,R_14,2370304,R_14,411005,IF14,1087132,R_14,1085635,R_14,25792,R_14,13070,R_14,2359,R_14,407511,R_14,207300,R_14,22971,R_14,1397,R_14,1424836,R_14,-1,IA14,07/2013,R_14,06/2014,R_14,44,2015,01
SC,4652360,R_14,4652360,R_14,4652360,R_14,40,R_14,152,R_14,31,R_14,475.21,R_14,602.36,R_14,1306.73,R_14,1909.09,R_14,118522777,R_14,6717938,R_14,308073,R_14,5004682,R_14,130553470,R_14,62750473,R_14,22988790,R_14,85739263,R_14,10136582,R_14,2686896,R_14,3897250,R_14,16720728,R_14,23512495,R_14,125972486,R_14,8018035,R_14,1250000,R_14,0,R_14,259957,R_14,9527992,R_14,8653062,R_14,9106716,R_14,493708,R_14,433564,R_14,295493,R_14,717538,R_14,23057,R_14,429,R_14,2058,R_14,2487,R_14,14330,R_14,491590,R_14,18178677,R_14,2843180,R_14,2599480,R_14,26021153,R_14,9600267,R_14,1656664,IF14,108332,R_14,141252,R_14,44152,R_14,24216,R_14,3879,R_14,1005858,R_14,692762,R_14,99007,R_14,4203,R_14,4481009,R_14,1150677,IF14,07/2013,R_14,06/2014,R_14,45,2015,05
SD,1214319,R_14,760709,R_14,852175,R_14,112,R_14,32,R_14,5,R_14,45.23,R_14,181.46,R_14,174.67,R_14,356.13,R_14,23957009,IF14,0,R_14,387000,R_14,914711,R_14,25258720,IF14,12618310,R_14,3913743,R_14,16532053,R_14,1877014,R_14,889309,R_14,477813,IF14,3244136,IF14,4536938,IF14,24313127,IF14,2809387,R_14,5803,R_14,755910,R_14,886220,R_14,4457320,R_14,4582717,R_14,2807214,R_14,975976,R_14,111004,R_14,305433,R_14,150229,R_14,6495,R_14,1718,R_14,4368,R_14,6086,R_14,4565,R_14,257059,R_14,3914777,IF14,379404,IF14,383507,R_14,5763501,R_14,1927012,R_14,568920,R_14,21314,IF14,24794,IF14,12474,IF14,9453,IF14,1205,R_14,274433,IF14,234741,IF14,15229,R_14,1105,R_14,1474838,IF14,133473,IF14,01/2014,R_14,12/2014,R_14,46,2015,04
TN,6333476,R_14,6333476,R_14,6469352,R_14,186,R_14,100,R_14,3,R_14,261.57,R_14,560.54,IF14,1256.75,R_14,1817.29,IF14,104956581,R_14,385706,R_14,201212,R_14,6554517,R_14,112098016,R_14,54373516,R_14,18276208,R_14,72649724,R_14,9714965,IF14,2820700,R_14,1640328,IF14,14175993,IF14,21527508,IF14,108353225,R_14,23581683,IF14,164597,IF14,3200,IF14,932927,IF14,24682407,IF14,21730184,R_14,11761312,R_14,15245473,R_14,593488,R_14,5907063,R_14,735278,R_14,487014,R_14,501,R_14,13020,R_14,13521,R_14,11878,R_14,619995,R_14,19528492,IF14,3483395,IF14,3362436,R_14,26175547,IF14,8703712,R_14,2890149,IF14,99515,IF14,113259,IF14,48876,R_14,28537,IF14,6168,R_14,1318056,R_14,928990,IF14,112756,R_14,5043,IF14,5268362,IF14,-1,IA14,07/2013,R_14,06/2014,R_14,47,2015,05
TX,24379565,R_14,24379565,R_14,26448193,R_14,554,R_14,319,R_14,7,R_14,1676.75,R_14,2443.28,R_14,4344.54,R_14,6787.82000000001,R_14,467537819,R_14,109699,R_14,442263,R_14,19327678,R_14,487417459,R_14,239319244,R_14,89767364,R_14,329086608,R_14,37055437,R_14,14140562,R_14,10578451,R_14,61774450,R_14,82107869,R_14,472968927,R_14,37709483,R_14,3414,R_14,397688,R_14,2208304,R_14,40318889,R_14,46910672,R_14,40413604,R_14,3425405,R_14,2061177,R_14,956468,R_14,2800271,R_14,57438,R_14,2580,R_14,26371,R_14,28951,R_14,52482,R_14,1909795,R_14,73078235,IF14,14791635,IF14,13187230,IF14,113283343,R_14,47695245,IF14,6904737,IF14,703945,IF14,679537,IF14,244531,R_14,127070,R_14,23029,R_14,6071883,R_14,4179684,R_14,350617,R_14,19070,R_14,17528031,IF14,14591219,IF14,02/2013,R_14,12/2014,R_14,48,2015,06
UT,2880340,R_14,2871325,R_14,2900872,R_14,57,R_14,70,R_14,16,R_14,215.48,IF14,360.79,IF14,878.48,IF14,1239.27,IF14,99059659,IF14,1173276,IF14,359997,IF14,3964279,IF14,104557211,IF14,44071223,IF14,19165073,IF14,63236296,IF14,9058695,IF14,2759763,IF14,2672993,IF14,14491451,IF14,20053660,IF14,97781407,IF14,15766587,IF14,45033,IF14,6739,IF14,507511,IF14,16325870,IF14,13809234,IF14,6643558,IF14,557338,IF14,613520,IF14,781547,IF14,645808,IF14,10157,IF14,211,IF14,3007,IF14,3218,IF14,12043,IF14,310481,IF14,17654845,IF14,2794282,IF14,1793578,IF14,37216765,IF14,15883738,IF14,2225238,IF14,16780,IF14,25087,IF14,33019,IF14,22070,IF14,2716,U_14,1260052,IF14,962393,IF14,59339,U_14,2088,IF14,2947638,IF14,1687831,IF14,07/2013,R_14,12/2014,R_14,49,2015,07
VA,8088031,R_14,8088031,R_14,8326289,R_14,83,R_14,274,R_14,22,R_14,878.66,R_14,974.35,R_14,2841.62,R_14,3815.97,R_14,248703894,R_14,15346834,R_14,1825928,R_14,11714719,R_14,277591375,R_14,140790238,R_14,48332271,R_14,189122509,R_14,16485330,R_14,6014909,R_14,4783855,R_14,27284094,R_14,56529053,R_14,272935656,R_14,21174820,R_14,0,R_14,33375,R_14,802038,R_14,22010233,R_14,14371039,R_14,17539588,R_14,1997762,R_14,1017716,R_14,332452,IF14,1193415,R_14,37652,IF14,878,R_14,455,R_14,1333,R_14,21863,R_14,924534,R_14,37405643,R_14,7259488,IF14,4850306,R_14,74613394,R_14,25894012,IF14,3559565,IF14,146484,R_14,166122,R_14,96799,IF14,61880,IF14,7362,U_14,2335862,IF14,1660050,R_14,138023,U_14,6875,R_14,7246441,IF14,4691566,IF14,07/2013,R_14,06/2014,R_14,51,2015,05
VI,106405,R_14,106405,R_14,106405,R_14,0,R_14,5,R_14,1,R_14,-1,U_14,-1,U_14,-1,U_14,-1,U_14,-1,U_14,-1,U_14,-1,U_14,-1,U_14,-1,U_14,-1,U_14,-1,U_14,-1,U_14,-1,U_14,-1,U_14,-1,U_14,-1,U_14,-1,U_14,-1,U_14,-1,U_14,-1,U_14,-1,U_14,-1,U_14,-1,U_14,-1,U_14,-1,U_14,-1,U_14,-1,U_14,-1,U_14,-1,U_14,-1,U_14,-1,U_14,-1,U_14,-1,U_14,-1,U_14,-1,U_14,-1,U_14,-1,U_14,-1,U_14,-1,U_14,-1,U_14,-1,U_14,-1,U_14,-1,U_14,-1,U_14,-1,U_14,-1,U_14,-1,U_14,-1,U_14,-1,U_14,-1,U_14,-1,U_14,-1,U_14,10/2013,R_14,09/2014,R_14,78,2015,09
VT,687129,R_14,604908,R_14,626630,R_14,181,R_14,3,R_14,4,R_14,64.28,IF14,210.85,IF14,134.68,IF14,345.53,IF14,17787199,IF14,0,IF14,35626,IF14,4073524,IF14,21896349,IF14,12354271,IF14,2803274,IF14,15157545,IF14,1783312,IF14,276956,IF14,372465,IF14,2432733,IF14,5562800,IF14,23153078,IF14,780640,IF14,38200,IF14,0,IF14,262507,IF14,1081347,IF14,1314131,IF14,2940126,IF14,82117,IF14,139772,IF14,115139.164486122,IF14,192725,IF14,1077,IF14,234,IF14,7898,IF14,8132,IF14,5986,IF14,266606,IF14,3779545,IF14,539291,IF14,323486,IF14,4479630,IF14,1750112,IF14,0,IF14,37634,IF14,46042,IF14,24556,IF14,15099,IF14,1329,U_14,382193,IF14,264223,IF14,15460,U_14,1089,IF14,649906,IF14,660675,IF14,01/2013,R_14,12/2014,R_14,50,2015,01
WA,6862264,R_14,6862264,R_14,6968170,R_14,54,R_14,290,R_14,27,R_14,783.01,R_14,826.88,R_14,2894.99,R_14,3721.87,R_14,387509151,R_14,43313,R_14,478868,R_14,13083622,R_14,401114954,R_14,189003987,R_14,69033158,R_14,258037145,R_14,26023708,IF14,16325944,IF14,7893787,IF14,50243439,R_14,66698810,R_14,374979394,R_14,4529778,R_14,0,R_14,0,R_14,1620328,R_14,6150106,R_14,8479833,R_14,13429660,R_14,1787761,IF14,1191917,R_14,783391,R_14,1530980,IF14,28987,IF14,934,R_14,915,R_14,1849,R_14,41162,R_14,769400,R_14,41280937,IF14,4205269,IF14,4361927,R_14,83745438,R_14,27463862,IF14,8994373,IF14,498340,IF14,327986,IF14,82882,IF14,50587,IF14,13422,U_14,2153202,IF14,1609938,IF14,213483,U_14,6573,R_14,10539089,IF14,4236737,IF14,01/2014,R_14,12/2014,R_14,53,2015,08
WI,5728745,R_14,5728745,R_14,5732981,R_14,378,R_14,82,R_14,6,R_14,684.72,R_14,1142.18,R_14,1910.54,R_14,3052.72,R_14,210199757,R_14,4294419,R_14,612516,R_14,13404587,R_14,228511279,R_14,113610095,R_14,39679518,R_14,153289613,R_14,16302829,IF14,2360016,IF14,5846103,IF14,24508948,R_14,46079535,R_14,223878096,R_14,17970971,R_14,1671,R_14,1885,R_14,6522395,R_14,24496922,R_14,23937452,R_14,18796863,R_14,47106859,R_14,1462543,R_14,11064932,R_14,1967544,R_14,399538,R_14,2360,R_14,17526,R_14,19886,R_14,39904,R_14,1073498,R_14,32854187,IF14,4486502,IF14,3452345,IF14,60411136,IF14,22130616,IF14,2940355,IF14,8996078,R_14,9043411,R_14,92810,IF14,60314,IF14,6919,U_14,2226932,IF14,1683696,IF14,104324,U_14,6284,R_14,6037314,IF14,2511986,IF14,01/2014,R_14,12/2014,R_14,55,2015,03
WV,1852994,R_14,1852994,R_14,1852994,R_14,97,R_14,76,R_14,8,R_14,95.13,R_14,361.58,R_14,284.56,R_14,646.14,R_14,25892233,R_14,9834051,R_14,409032,R_14,2938132,R_14,39073448,R_14,17152412,R_14,5611116,R_14,22763528,R_14,3393581,R_14,884260,R_14,796767,R_14,5074608,R_14,7066344,R_14,34904480,R_14,517073,R_14,411270,R_14,409032,R_14,752568,R_14,2089943,R_14,4513477,R_14,5034331,R_14,4801068,R_14,194685,R_14,420032,R_14,295330,R_14,17570,R_14,394,R_14,1455,R_14,1849,R_14,6339,R_14,377833,R_14,5367596,R_14,620737,R_14,933968,R_14,6261504,R_14,2073093,IF14,531840,IF14,117160,R_14,114582,R_14,23509,R_14,15765,R_14,2012,R_14,419781,R_14,317745,R_14,28023,R_14,1450,R_14,1075496,R_14,88915,R_14,07/2013,R_14,06/2014,R_14,54,2015,05
WY,582658,R_14,582658,R_14,582658,R_14,23,R_14,53,R_14,2,R_14,58.29,R_14,180.47,R_14,282.44,R_14,462.91,R_14,30199906,R_14,2000,R_14,4941,R_14,1897433,R_14,32104280,R_14,17092744,R_14,6359410,R_14,23452154,R_14,1732866,R_14,278526,R_14,686317,R_14,2697709,R_14,5494704,R_14,31644567,R_14,8906689,R_14,0,R_14,0,R_14,53526,R_14,8960215,R_14,1486047,R_14,2496972,R_14,171815,R_14,164681,R_14,135420,R_14,197130,R_14,283,R_14,121,R_14,1794,R_14,1915,R_14,4141,R_14,142867,R_14,3666825,R_14,486424,R_14,400460,R_14,4914332,R_14,1727747,R_14,158141,R_14,36724,R_14,32284,R_14,16278,R_14,11180,R_14,2281,R_14,374605,R_14,291431,R_14,34766,R_14,868,R_14,904784,IF14,126942,IF14,07/2013,R_14,06/2014,R_14,56,2015,07
