"","FIPS","tester"
"1","01001",1
"2","01005",1
"3","01007",1
"4","01009",1
"5","01011",1
"6","01013",1
"7","01017",1
"8","01019",1
"9","01021",1
"10","01023",1
"11","01025",1
"12","01027",1
"13","01029",1
"14","01031",1
"15","01033",1
"16","01035",1
"17","01037",1
"18","01039",1
"19","01041",1
"20","01043",1
"21","01045",1
"22","01047",1
"23","01049",1
"24","01051",1
"25","01053",1
"26","01055",1
"27","01057",1
"28","01059",1
"29","01061",1
"30","01063",1
"31","01065",1
"32","01067",1
"33","01069",1
"34","01071",1
"35","01073",1
"36","01075",1
"37","01077",1
"38","01079",1
"39","01081",1
"40","01083",1
"41","01085",1
"42","01087",1
"43","01089",1
"44","01091",1
"45","01093",1
"46","01095",1
"47","01099",1
"48","01101",1
"49","01103",1
"50","01105",1
"51","01107",1
"52","01109",1
"53","01111",1
"54","01113",1
"55","01115",1
"56","01117",1
"57","01119",1
"58","01121",1
"59","01123",1
"60","01125",1
"61","01127",1
"62","01129",1
"63","01131",1
"64","01133",1
"65","04001",1
"66","04003",1
"67","04005",1
"68","04007",1
"69","04009",1
"70","04011",1
"71","04012",1
"72","04013",1
"73","04015",1
"74","04017",1
"75","04019",1
"76","04021",1
"77","04023",1
"78","04025",1
"79","04027",1
"80","05001",1
"81","05003",1
"82","05005",1
"83","05007",1
"84","05009",1
"85","05011",1
"86","05015",1
"87","05017",1
"88","05019",1
"89","05021",1
"90","05023",1
"91","05025",1
"92","05027",1
"93","05029",1
"94","05031",1
"95","05033",1
"96","05035",1
"97","05037",1
"98","05039",1
"99","05041",1
"100","05043",1
"101","05045",1
"102","05047",1
"103","05049",1
"104","05051",1
"105","05053",1
"106","05055",1
"107","05057",1
"108","05059",1
"109","05061",1
"110","05063",1
"111","05065",1
"112","05067",1
"113","05069",1
"114","05071",1
"115","05073",1
"116","05075",1
"117","05077",1
"118","05079",1
"119","05081",1
"120","05083",1
"121","05085",1
"122","05087",1
"123","05089",1
"124","05091",1
"125","05093",1
"126","05095",1
"127","05097",1
"128","05099",1
"129","05101",1
"130","05103",1
"131","05105",1
"132","05107",1
"133","05109",1
"134","05111",1
"135","05113",1
"136","05115",1
"137","05117",1
"138","05119",1
"139","05121",1
"140","05123",1
"141","05125",1
"142","05127",1
"143","05129",1
"144","05131",1
"145","05133",1
"146","05135",1
"147","05137",1
"148","05139",1
"149","05141",1
"150","05143",1
"151","05145",1
"152","05147",1
"153","05149",1
"154","06001",1
"155","06003",1
"156","06005",1
"157","06007",1
"158","06009",1
"159","06011",1
"160","06015",1
"161","06017",1
"162","06019",1
"163","06021",1
"164","06025",1
"165","06027",1
"166","06029",1
"167","06031",1
"168","06033",1
"169","06035",1
"170","06037",1
"171","06039",1
"172","06043",1
"173","06045",1
"174","06047",1
"175","06049",1
"176","06051",1
"177","06053",1
"178","06055",1
"179","06057",1
"180","06061",1
"181","06063",1
"182","06065",1
"183","06067",1
"184","06069",1
"185","06071",1
"186","06077",1
"187","06079",1
"188","06081",1
"189","06085",1
"190","06087",1
"191","06089",1
"192","06091",1
"193","06093",1
"194","06095",1
"195","06097",1
"196","06099",1
"197","06101",1
"198","06103",1
"199","06105",1
"200","06107",1
"201","06109",1
"202","06113",1
"203","06115",1
"204","08001",1
"205","08003",1
"206","08005",1
"207","08007",1
"208","08009",1
"209","08011",1
"210","08013",1
"211","08014",1
"212","08015",1
"213","08017",1
"214","08019",1
"215","08021",1
"216","08023",1
"217","08025",1
"218","08027",1
"219","08029",1
"220","08031",1
"221","08033",1
"222","08035",1
"223","08037",1
"224","08039",1
"225","08041",1
"226","08043",1
"227","08045",1
"228","08047",1
"229","08049",1
"230","08051",1
"231","08053",1
"232","08055",1
"233","08057",1
"234","08059",1
"235","08061",1
"236","08063",1
"237","08065",1
"238","08067",1
"239","08069",1
"240","08071",1
"241","08073",1
"242","08075",1
"243","08077",1
"244","08079",1
"245","08081",1
"246","08083",1
"247","08085",1
"248","08087",1
"249","08089",1
"250","08091",1
"251","08093",1
"252","08095",1
"253","08097",1
"254","08099",1
"255","08101",1
"256","08103",1
"257","08105",1
"258","08107",1
"259","08109",1
"260","08113",1
"261","08115",1
"262","08117",1
"263","08119",1
"264","08121",1
"265","08123",1
"266","08125",1
"267","09003",1
"268","09005",1
"269","09009",1
"270","09013",1
"271","09015",1
"272","10001",1
"273","10005",1
"274","11001",1
"275","12001",1
"276","12003",1
"277","12007",1
"278","12019",1
"279","12023",1
"280","12027",1
"281","12033",1
"282","12039",1
"283","12041",1
"284","12043",1
"285","12047",1
"286","12049",1
"287","12051",1
"288","12053",1
"289","12055",1
"290","12059",1
"291","12063",1
"292","12065",1
"293","12067",1
"294","12069",1
"295","12073",1
"296","12077",1
"297","12079",1
"298","12083",1
"299","12093",1
"300","12095",1
"301","12097",1
"302","12101",1
"303","12105",1
"304","12119",1
"305","12121",1
"306","12123",1
"307","12125",1
"308","12131",1
"309","12133",1
"310","13001",1
"311","13003",1
"312","13005",1
"313","13007",1
"314","13009",1
"315","13011",1
"316","13013",1
"317","13015",1
"318","13017",1
"319","13019",1
"320","13021",1
"321","13023",1
"322","13025",1
"323","13027",1
"324","13029",1
"325","13031",1
"326","13033",1
"327","13035",1
"328","13043",1
"329","13045",1
"330","13047",1
"331","13049",1
"332","13053",1
"333","13055",1
"334","13057",1
"335","13059",1
"336","13061",1
"337","13063",1
"338","13065",1
"339","13067",1
"340","13069",1
"341","13071",1
"342","13073",1
"343","13075",1
"344","13077",1
"345","13079",1
"346","13081",1
"347","13083",1
"348","13085",1
"349","13087",1
"350","13089",1
"351","13091",1
"352","13093",1
"353","13095",1
"354","13097",1
"355","13099",1
"356","13101",1
"357","13103",1
"358","13105",1
"359","13107",1
"360","13109",1
"361","13111",1
"362","13113",1
"363","13115",1
"364","13117",1
"365","13119",1
"366","13121",1
"367","13123",1
"368","13125",1
"369","13129",1
"370","13131",1
"371","13133",1
"372","13135",1
"373","13137",1
"374","13139",1
"375","13141",1
"376","13143",1
"377","13145",1
"378","13147",1
"379","13149",1
"380","13151",1
"381","13153",1
"382","13155",1
"383","13157",1
"384","13159",1
"385","13161",1
"386","13163",1
"387","13165",1
"388","13167",1
"389","13169",1
"390","13171",1
"391","13173",1
"392","13175",1
"393","13177",1
"394","13181",1
"395","13183",1
"396","13185",1
"397","13187",1
"398","13189",1
"399","13193",1
"400","13195",1
"401","13197",1
"402","13199",1
"403","13201",1
"404","13205",1
"405","13207",1
"406","13209",1
"407","13211",1
"408","13213",1
"409","13215",1
"410","13217",1
"411","13219",1
"412","13221",1
"413","13223",1
"414","13225",1
"415","13227",1
"416","13229",1
"417","13231",1
"418","13233",1
"419","13235",1
"420","13237",1
"421","13239",1
"422","13241",1
"423","13243",1
"424","13245",1
"425","13247",1
"426","13249",1
"427","13251",1
"428","13253",1
"429","13255",1
"430","13257",1
"431","13259",1
"432","13261",1
"433","13263",1
"434","13265",1
"435","13267",1
"436","13269",1
"437","13271",1
"438","13273",1
"439","13275",1
"440","13277",1
"441","13279",1
"442","13281",1
"443","13283",1
"444","13285",1
"445","13287",1
"446","13289",1
"447","13291",1
"448","13293",1
"449","13295",1
"450","13297",1
"451","13299",1
"452","13301",1
"453","13303",1
"454","13305",1
"455","13307",1
"456","13309",1
"457","13311",1
"458","13313",1
"459","13315",1
"460","13317",1
"461","13319",1
"462","13321",1
"463","15001",1
"464","16001",1
"465","16003",1
"466","16005",1
"467","16007",1
"468","16009",1
"469","16011",1
"470","16013",1
"471","16015",1
"472","16017",1
"473","16019",1
"474","16021",1
"475","16023",1
"476","16025",1
"477","16027",1
"478","16029",1
"479","16031",1
"480","16033",1
"481","16035",1
"482","16037",1
"483","16039",1
"484","16041",1
"485","16043",1
"486","16045",1
"487","16047",1
"488","16049",1
"489","16051",1
"490","16053",1
"491","16055",1
"492","16057",1
"493","16059",1
"494","16061",1
"495","16063",1
"496","16065",1
"497","16067",1
"498","16069",1
"499","16071",1
"500","16073",1
"501","16075",1
"502","16077",1
"503","16079",1
"504","16081",1
"505","16083",1
"506","16085",1
"507","16087",1
"508","17001",1
"509","17003",1
"510","17005",1
"511","17007",1
"512","17009",1
"513","17011",1
"514","17015",1
"515","17017",1
"516","17019",1
"517","17021",1
"518","17023",1
"519","17025",1
"520","17027",1
"521","17029",1
"522","17031",1
"523","17033",1
"524","17035",1
"525","17037",1
"526","17039",1
"527","17041",1
"528","17043",1
"529","17045",1
"530","17047",1
"531","17049",1
"532","17051",1
"533","17053",1
"534","17055",1
"535","17057",1
"536","17059",1
"537","17061",1
"538","17063",1
"539","17065",1
"540","17067",1
"541","17069",1
"542","17071",1
"543","17073",1
"544","17075",1
"545","17077",1
"546","17079",1
"547","17081",1
"548","17083",1
"549","17085",1
"550","17087",1
"551","17089",1
"552","17091",1
"553","17093",1
"554","17095",1
"555","17097",1
"556","17099",1
"557","17101",1
"558","17103",1
"559","17105",1
"560","17107",1
"561","17109",1
"562","17111",1
"563","17113",1
"564","17115",1
"565","17117",1
"566","17119",1
"567","17121",1
"568","17123",1
"569","17125",1
"570","17127",1
"571","17129",1
"572","17131",1
"573","17133",1
"574","17135",1
"575","17137",1
"576","17139",1
"577","17141",1
"578","17143",1
"579","17145",1
"580","17147",1
"581","17149",1
"582","17151",1
"583","17153",1
"584","17155",1
"585","17157",1
"586","17159",1
"587","17161",1
"588","17163",1
"589","17165",1
"590","17167",1
"591","17169",1
"592","17171",1
"593","17173",1
"594","17175",1
"595","17177",1
"596","17179",1
"597","17181",1
"598","17183",1
"599","17185",1
"600","17187",1
"601","17189",1
"602","17191",1
"603","17193",1
"604","17195",1
"605","17197",1
"606","17199",1
"607","17201",1
"608","17203",1
"609","18001",1
"610","18003",1
"611","18005",1
"612","18007",1
"613","18009",1
"614","18011",1
"615","18013",1
"616","18015",1
"617","18017",1
"618","18019",1
"619","18021",1
"620","18023",1
"621","18025",1
"622","18027",1
"623","18029",1
"624","18031",1
"625","18033",1
"626","18035",1
"627","18037",1
"628","18039",1
"629","18041",1
"630","18043",1
"631","18045",1
"632","18047",1
"633","18049",1
"634","18051",1
"635","18053",1
"636","18055",1
"637","18057",1
"638","18059",1
"639","18061",1
"640","18063",1
"641","18065",1
"642","18067",1
"643","18069",1
"644","18071",1
"645","18073",1
"646","18075",1
"647","18077",1
"648","18079",1
"649","18081",1
"650","18083",1
"651","18085",1
"652","18087",1
"653","18089",1
"654","18091",1
"655","18093",1
"656","18095",1
"657","18097",1
"658","18099",1
"659","18101",1
"660","18103",1
"661","18105",1
"662","18107",1
"663","18109",1
"664","18111",1
"665","18113",1
"666","18115",1
"667","18117",1
"668","18119",1
"669","18121",1
"670","18123",1
"671","18125",1
"672","18127",1
"673","18129",1
"674","18131",1
"675","18133",1
"676","18135",1
"677","18137",1
"678","18139",1
"679","18141",1
"680","18143",1
"681","18145",1
"682","18147",1
"683","18149",1
"684","18151",1
"685","18153",1
"686","18155",1
"687","18157",1
"688","18159",1
"689","18161",1
"690","18163",1
"691","18165",1
"692","18167",1
"693","18169",1
"694","18171",1
"695","18173",1
"696","18175",1
"697","18177",1
"698","18179",1
"699","18181",1
"700","18183",1
"701","19001",1
"702","19003",1
"703","19005",1
"704","19007",1
"705","19009",1
"706","19011",1
"707","19013",1
"708","19015",1
"709","19017",1
"710","19019",1
"711","19021",1
"712","19023",1
"713","19027",1
"714","19029",1
"715","19031",1
"716","19033",1
"717","19035",1
"718","19037",1
"719","19039",1
"720","19041",1
"721","19043",1
"722","19045",1
"723","19047",1
"724","19049",1
"725","19051",1
"726","19053",1
"727","19055",1
"728","19057",1
"729","19059",1
"730","19061",1
"731","19063",1
"732","19065",1
"733","19067",1
"734","19069",1
"735","19071",1
"736","19073",1
"737","19075",1
"738","19077",1
"739","19079",1
"740","19081",1
"741","19083",1
"742","19085",1
"743","19087",1
"744","19089",1
"745","19091",1
"746","19093",1
"747","19095",1
"748","19097",1
"749","19099",1
"750","19101",1
"751","19103",1
"752","19105",1
"753","19107",1
"754","19109",1
"755","19111",1
"756","19113",1
"757","19115",1
"758","19117",1
"759","19119",1
"760","19121",1
"761","19123",1
"762","19125",1
"763","19127",1
"764","19129",1
"765","19131",1
"766","19133",1
"767","19135",1
"768","19137",1
"769","19139",1
"770","19141",1
"771","19143",1
"772","19145",1
"773","19147",1
"774","19149",1
"775","19151",1
"776","19153",1
"777","19155",1
"778","19157",1
"779","19159",1
"780","19161",1
"781","19163",1
"782","19165",1
"783","19167",1
"784","19169",1
"785","19171",1
"786","19173",1
"787","19175",1
"788","19177",1
"789","19179",1
"790","19181",1
"791","19183",1
"792","19185",1
"793","19187",1
"794","19189",1
"795","19191",1
"796","19193",1
"797","19195",1
"798","19197",1
"799","20001",1
"800","20003",1
"801","20005",1
"802","20007",1
"803","20009",1
"804","20011",1
"805","20013",1
"806","20015",1
"807","20017",1
"808","20019",1
"809","20021",1
"810","20023",1
"811","20025",1
"812","20027",1
"813","20029",1
"814","20031",1
"815","20033",1
"816","20035",1
"817","20037",1
"818","20039",1
"819","20041",1
"820","20043",1
"821","20045",1
"822","20047",1
"823","20049",1
"824","20051",1
"825","20053",1
"826","20055",1
"827","20057",1
"828","20059",1
"829","20061",1
"830","20063",1
"831","20065",1
"832","20067",1
"833","20069",1
"834","20071",1
"835","20073",1
"836","20075",1
"837","20077",1
"838","20079",1
"839","20081",1
"840","20083",1
"841","20085",1
"842","20087",1
"843","20089",1
"844","20091",1
"845","20093",1
"846","20095",1
"847","20097",1
"848","20099",1
"849","20101",1
"850","20103",1
"851","20105",1
"852","20107",1
"853","20109",1
"854","20111",1
"855","20113",1
"856","20115",1
"857","20117",1
"858","20119",1
"859","20121",1
"860","20123",1
"861","20125",1
"862","20127",1
"863","20129",1
"864","20131",1
"865","20133",1
"866","20135",1
"867","20137",1
"868","20139",1
"869","20141",1
"870","20143",1
"871","20145",1
"872","20147",1
"873","20149",1
"874","20151",1
"875","20153",1
"876","20155",1
"877","20157",1
"878","20159",1
"879","20161",1
"880","20163",1
"881","20165",1
"882","20167",1
"883","20169",1
"884","20171",1
"885","20173",1
"886","20175",1
"887","20177",1
"888","20179",1
"889","20181",1
"890","20183",1
"891","20185",1
"892","20187",1
"893","20189",1
"894","20191",1
"895","20193",1
"896","20195",1
"897","20197",1
"898","20199",1
"899","20201",1
"900","20203",1
"901","20205",1
"902","20207",1
"903","20209",1
"904","21001",1
"905","21003",1
"906","21005",1
"907","21007",1
"908","21009",1
"909","21011",1
"910","21013",1
"911","21015",1
"912","21017",1
"913","21019",1
"914","21021",1
"915","21023",1
"916","21025",1
"917","21027",1
"918","21029",1
"919","21031",1
"920","21033",1
"921","21035",1
"922","21037",1
"923","21039",1
"924","21041",1
"925","21043",1
"926","21045",1
"927","21047",1
"928","21049",1
"929","21051",1
"930","21053",1
"931","21055",1
"932","21057",1
"933","21059",1
"934","21061",1
"935","21063",1
"936","21065",1
"937","21067",1
"938","21069",1
"939","21071",1
"940","21073",1
"941","21075",1
"942","21077",1
"943","21079",1
"944","21081",1
"945","21083",1
"946","21085",1
"947","21087",1
"948","21089",1
"949","21091",1
"950","21093",1
"951","21095",1
"952","21097",1
"953","21099",1
"954","21101",1
"955","21103",1
"956","21105",1
"957","21107",1
"958","21109",1
"959","21111",1
"960","21113",1
"961","21115",1
"962","21117",1
"963","21119",1
"964","21121",1
"965","21123",1
"966","21125",1
"967","21127",1
"968","21129",1
"969","21131",1
"970","21133",1
"971","21135",1
"972","21137",1
"973","21139",1
"974","21141",1
"975","21143",1
"976","21145",1
"977","21147",1
"978","21149",1
"979","21151",1
"980","21153",1
"981","21155",1
"982","21157",1
"983","21159",1
"984","21161",1
"985","21163",1
"986","21165",1
"987","21167",1
"988","21169",1
"989","21171",1
"990","21173",1
"991","21175",1
"992","21177",1
"993","21179",1
"994","21181",1
"995","21183",1
"996","21185",1
"997","21187",1
"998","21189",1
"999","21191",1
"1000","21193",1
"1001","21195",1
"1002","21197",1
"1003","21199",1
"1004","21201",1
"1005","21203",1
"1006","21205",1
"1007","21207",1
"1008","21209",1
"1009","21211",1
"1010","21213",1
"1011","21215",1
"1012","21217",1
"1013","21219",1
"1014","21221",1
"1015","21223",1
"1016","21225",1
"1017","21227",1
"1018","21229",1
"1019","21231",1
"1020","21233",1
"1021","21235",1
"1022","21237",1
"1023","21239",1
"1024","22001",1
"1025","22003",1
"1026","22005",1
"1027","22007",1
"1028","22009",1
"1029","22011",1
"1030","22013",1
"1031","22015",1
"1032","22017",1
"1033","22019",1
"1034","22021",1
"1035","22023",1
"1036","22025",1
"1037","22027",1
"1038","22029",1
"1039","22031",1
"1040","22033",1
"1041","22035",1
"1042","22037",1
"1043","22039",1
"1044","22041",1
"1045","22043",1
"1046","22045",1
"1047","22047",1
"1048","22049",1
"1049","22053",1
"1050","22055",1
"1051","22059",1
"1052","22061",1
"1053","22063",1
"1054","22065",1
"1055","22067",1
"1056","22069",1
"1057","22071",1
"1058","22073",1
"1059","22077",1
"1060","22079",1
"1061","22081",1
"1062","22083",1
"1063","22085",1
"1064","22089",1
"1065","22091",1
"1066","22093",1
"1067","22095",1
"1068","22097",1
"1069","22099",1
"1070","22103",1
"1071","22105",1
"1072","22107",1
"1073","22111",1
"1074","22113",1
"1075","22115",1
"1076","22117",1
"1077","22119",1
"1078","22121",1
"1079","22123",1
"1080","22125",1
"1081","22127",1
"1082","23001",1
"1083","23003",1
"1084","23007",1
"1085","23011",1
"1086","23017",1
"1087","23019",1
"1088","23021",1
"1089","23025",1
"1090","23031",1
"1091","24001",1
"1092","24005",1
"1093","24011",1
"1094","24013",1
"1095","24015",1
"1096","24017",1
"1097","24021",1
"1098","24023",1
"1099","24025",1
"1100","24027",1
"1101","24031",1
"1102","24033",1
"1103","24043",1
"1104","24045",1
"1105","25003",1
"1106","25005",1
"1107","25011",1
"1108","25013",1
"1109","25015",1
"1110","25017",1
"1111","25021",1
"1112","25027",1
"1113","26001",1
"1114","26005",1
"1115","26009",1
"1116","26013",1
"1117","26015",1
"1118","26017",1
"1119","26019",1
"1120","26021",1
"1121","26023",1
"1122","26027",1
"1123","26031",1
"1124","26035",1
"1125","26037",1
"1126","26039",1
"1127","26043",1
"1128","26045",1
"1129","26049",1
"1130","26051",1
"1131","26053",1
"1132","26057",1
"1133","26059",1
"1134","26065",1
"1135","26067",1
"1136","26069",1
"1137","26071",1
"1138","26073",1
"1139","26075",1
"1140","26077",1
"1141","26079",1
"1142","26081",1
"1143","26085",1
"1144","26087",1
"1145","26091",1
"1146","26093",1
"1147","26095",1
"1148","26099",1
"1149","26101",1
"1150","26105",1
"1151","26107",1
"1152","26109",1
"1153","26111",1
"1154","26113",1
"1155","26117",1
"1156","26119",1
"1157","26121",1
"1158","26123",1
"1159","26125",1
"1160","26127",1
"1161","26129",1
"1162","26131",1
"1163","26133",1
"1164","26135",1
"1165","26137",1
"1166","26139",1
"1167","26141",1
"1168","26143",1
"1169","26145",1
"1170","26149",1
"1171","26151",1
"1172","26153",1
"1173","26155",1
"1174","26157",1
"1175","26159",1
"1176","26161",1
"1177","26165",1
"1178","27001",1
"1179","27003",1
"1180","27005",1
"1181","27007",1
"1182","27009",1
"1183","27011",1
"1184","27013",1
"1185","27015",1
"1186","27017",1
"1187","27019",1
"1188","27021",1
"1189","27023",1
"1190","27025",1
"1191","27027",1
"1192","27029",1
"1193","27033",1
"1194","27035",1
"1195","27037",1
"1196","27039",1
"1197","27041",1
"1198","27043",1
"1199","27045",1
"1200","27047",1
"1201","27049",1
"1202","27051",1
"1203","27053",1
"1204","27055",1
"1205","27057",1
"1206","27059",1
"1207","27061",1
"1208","27063",1
"1209","27065",1
"1210","27067",1
"1211","27069",1
"1212","27071",1
"1213","27073",1
"1214","27075",1
"1215","27077",1
"1216","27079",1
"1217","27081",1
"1218","27083",1
"1219","27085",1
"1220","27087",1
"1221","27089",1
"1222","27091",1
"1223","27093",1
"1224","27095",1
"1225","27097",1
"1226","27099",1
"1227","27101",1
"1228","27103",1
"1229","27105",1
"1230","27107",1
"1231","27109",1
"1232","27111",1
"1233","27113",1
"1234","27115",1
"1235","27117",1
"1236","27119",1
"1237","27121",1
"1238","27123",1
"1239","27125",1
"1240","27127",1
"1241","27129",1
"1242","27131",1
"1243","27133",1
"1244","27135",1
"1245","27137",1
"1246","27139",1
"1247","27141",1
"1248","27143",1
"1249","27145",1
"1250","27147",1
"1251","27149",1
"1252","27151",1
"1253","27153",1
"1254","27155",1
"1255","27157",1
"1256","27159",1
"1257","27161",1
"1258","27163",1
"1259","27165",1
"1260","27167",1
"1261","27169",1
"1262","27171",1
"1263","27173",1
"1264","28001",1
"1265","28003",1
"1266","28005",1
"1267","28007",1
"1268","28009",1
"1269","28011",1
"1270","28015",1
"1271","28017",1
"1272","28019",1
"1273","28023",1
"1274","28025",1
"1275","28027",1
"1276","28029",1
"1277","28031",1
"1278","28033",1
"1279","28035",1
"1280","28037",1
"1281","28039",1
"1282","28041",1
"1283","28043",1
"1284","28049",1
"1285","28051",1
"1286","28053",1
"1287","28055",1
"1288","28057",1
"1289","28061",1
"1290","28063",1
"1291","28065",1
"1292","28067",1
"1293","28069",1
"1294","28071",1
"1295","28073",1
"1296","28075",1
"1297","28077",1
"1298","28079",1
"1299","28081",1
"1300","28083",1
"1301","28085",1
"1302","28087",1
"1303","28089",1
"1304","28091",1
"1305","28093",1
"1306","28095",1
"1307","28097",1
"1308","28099",1
"1309","28101",1
"1310","28103",1
"1311","28105",1
"1312","28107",1
"1313","28109",1
"1314","28111",1
"1315","28113",1
"1316","28115",1
"1317","28117",1
"1318","28119",1
"1319","28121",1
"1320","28123",1
"1321","28125",1
"1322","28127",1
"1323","28129",1
"1324","28131",1
"1325","28133",1
"1326","28135",1
"1327","28137",1
"1328","28139",1
"1329","28141",1
"1330","28143",1
"1331","28145",1
"1332","28147",1
"1333","28149",1
"1334","28151",1
"1335","28153",1
"1336","28155",1
"1337","28157",1
"1338","28159",1
"1339","28161",1
"1340","28163",1
"1341","29001",1
"1342","29003",1
"1343","29005",1
"1344","29007",1
"1345","29009",1
"1346","29011",1
"1347","29013",1
"1348","29015",1
"1349","29017",1
"1350","29019",1
"1351","29021",1
"1352","29023",1
"1353","29025",1
"1354","29027",1
"1355","29029",1
"1356","29031",1
"1357","29033",1
"1358","29035",1
"1359","29037",1
"1360","29039",1
"1361","29041",1
"1362","29043",1
"1363","29045",1
"1364","29047",1
"1365","29049",1
"1366","29051",1
"1367","29053",1
"1368","29055",1
"1369","29057",1
"1370","29059",1
"1371","29061",1
"1372","29063",1
"1373","29065",1
"1374","29067",1
"1375","29069",1
"1376","29071",1
"1377","29073",1
"1378","29075",1
"1379","29077",1
"1380","29079",1
"1381","29081",1
"1382","29083",1
"1383","29085",1
"1384","29087",1
"1385","29089",1
"1386","29091",1
"1387","29093",1
"1388","29095",1
"1389","29097",1
"1390","29099",1
"1391","29101",1
"1392","29103",1
"1393","29105",1
"1394","29107",1
"1395","29109",1
"1396","29111",1
"1397","29113",1
"1398","29115",1
"1399","29117",1
"1400","29119",1
"1401","29121",1
"1402","29123",1
"1403","29125",1
"1404","29127",1
"1405","29129",1
"1406","29131",1
"1407","29133",1
"1408","29135",1
"1409","29137",1
"1410","29139",1
"1411","29141",1
"1412","29143",1
"1413","29145",1
"1414","29147",1
"1415","29149",1
"1416","29151",1
"1417","29153",1
"1418","29155",1
"1419","29157",1
"1420","29159",1
"1421","29161",1
"1422","29163",1
"1423","29165",1
"1424","29167",1
"1425","29169",1
"1426","29171",1
"1427","29173",1
"1428","29175",1
"1429","29177",1
"1430","29179",1
"1431","29181",1
"1432","29183",1
"1433","29185",1
"1434","29186",1
"1435","29187",1
"1436","29189",1
"1437","29195",1
"1438","29197",1
"1439","29199",1
"1440","29201",1
"1441","29203",1
"1442","29205",1
"1443","29207",1
"1444","29209",1
"1445","29211",1
"1446","29213",1
"1447","29215",1
"1448","29217",1
"1449","29219",1
"1450","29221",1
"1451","29223",1
"1452","29225",1
"1453","29227",1
"1454","29229",1
"1455","29510",1
"1456","30001",1
"1457","30003",1
"1458","30005",1
"1459","30007",1
"1460","30009",1
"1461","30011",1
"1462","30013",1
"1463","30015",1
"1464","30017",1
"1465","30019",1
"1466","30021",1
"1467","30023",1
"1468","30025",1
"1469","30027",1
"1470","30029",1
"1471","30031",1
"1472","30033",1
"1473","30035",1
"1474","30037",1
"1475","30039",1
"1476","30041",1
"1477","30043",1
"1478","30045",1
"1479","30047",1
"1480","30049",1
"1481","30051",1
"1482","30053",1
"1483","30055",1
"1484","30057",1
"1485","30059",1
"1486","30061",1
"1487","30063",1
"1488","30065",1
"1489","30067",1
"1490","30069",1
"1491","30071",1
"1492","30073",1
"1493","30075",1
"1494","30077",1
"1495","30079",1
"1496","30081",1
"1497","30083",1
"1498","30085",1
"1499","30087",1
"1500","30089",1
"1501","30091",1
"1502","30093",1
"1503","30095",1
"1504","30097",1
"1505","30099",1
"1506","30101",1
"1507","30103",1
"1508","30105",1
"1509","30107",1
"1510","30109",1
"1511","30111",1
"1512","31001",1
"1513","31003",1
"1514","31005",1
"1515","31007",1
"1516","31009",1
"1517","31011",1
"1518","31013",1
"1519","31015",1
"1520","31017",1
"1521","31019",1
"1522","31021",1
"1523","31023",1
"1524","31025",1
"1525","31027",1
"1526","31029",1
"1527","31031",1
"1528","31033",1
"1529","31035",1
"1530","31037",1
"1531","31039",1
"1532","31041",1
"1533","31043",1
"1534","31045",1
"1535","31047",1
"1536","31049",1
"1537","31051",1
"1538","31053",1
"1539","31055",1
"1540","31057",1
"1541","31059",1
"1542","31061",1
"1543","31063",1
"1544","31065",1
"1545","31067",1
"1546","31069",1
"1547","31071",1
"1548","31073",1
"1549","31075",1
"1550","31077",1
"1551","31079",1
"1552","31081",1
"1553","31083",1
"1554","31085",1
"1555","31087",1
"1556","31089",1
"1557","31091",1
"1558","31093",1
"1559","31095",1
"1560","31097",1
"1561","31099",1
"1562","31101",1
"1563","31103",1
"1564","31105",1
"1565","31107",1
"1566","31109",1
"1567","31111",1
"1568","31113",1
"1569","31115",1
"1570","31117",1
"1571","31119",1
"1572","31121",1
"1573","31123",1
"1574","31125",1
"1575","31127",1
"1576","31129",1
"1577","31131",1
"1578","31133",1
"1579","31135",1
"1580","31137",1
"1581","31139",1
"1582","31141",1
"1583","31143",1
"1584","31145",1
"1585","31147",1
"1586","31149",1
"1587","31151",1
"1588","31153",1
"1589","31155",1
"1590","31157",1
"1591","31159",1
"1592","31161",1
"1593","31163",1
"1594","31165",1
"1595","31167",1
"1596","31169",1
"1597","31171",1
"1598","31173",1
"1599","31175",1
"1600","31177",1
"1601","31179",1
"1602","31181",1
"1603","31183",1
"1604","31185",1
"1605","32001",1
"1606","32003",1
"1607","32005",1
"1608","32007",1
"1609","32009",1
"1610","32011",1
"1611","32013",1
"1612","32015",1
"1613","32017",1
"1614","32019",1
"1615","32021",1
"1616","32023",1
"1617","32027",1
"1618","32029",1
"1619","32031",1
"1620","32033",1
"1621","32510",1
"1622","33001",1
"1623","33003",1
"1624","33005",1
"1625","33007",1
"1626","33009",1
"1627","33011",1
"1628","33013",1
"1629","33019",1
"1630","34003",1
"1631","34005",1
"1632","34007",1
"1633","34009",1
"1634","34013",1
"1635","34015",1
"1636","34017",1
"1637","34019",1
"1638","34021",1
"1639","34023",1
"1640","34025",1
"1641","34027",1
"1642","34031",1
"1643","34035",1
"1644","34037",1
"1645","34039",1
"1646","34041",1
"1647","35001",1
"1648","35003",1
"1649","35005",1
"1650","35006",1
"1651","35007",1
"1652","35009",1
"1653","35011",1
"1654","35013",1
"1655","35015",1
"1656","35017",1
"1657","35019",1
"1658","35021",1
"1659","35023",1
"1660","35025",1
"1661","35027",1
"1662","35028",1
"1663","35029",1
"1664","35031",1
"1665","35033",1
"1666","35035",1
"1667","35037",1
"1668","35039",1
"1669","35041",1
"1670","35043",1
"1671","35047",1
"1672","35049",1
"1673","35051",1
"1674","35053",1
"1675","35055",1
"1676","35057",1
"1677","35059",1
"1678","35061",1
"1679","36001",1
"1680","36003",1
"1681","36007",1
"1682","36009",1
"1683","36011",1
"1684","36013",1
"1685","36015",1
"1686","36017",1
"1687","36019",1
"1688","36021",1
"1689","36023",1
"1690","36025",1
"1691","36027",1
"1692","36029",1
"1693","36031",1
"1694","36033",1
"1695","36035",1
"1696","36037",1
"1697","36039",1
"1698","36041",1
"1699","36043",1
"1700","36049",1
"1701","36051",1
"1702","36053",1
"1703","36055",1
"1704","36057",1
"1705","36065",1
"1706","36067",1
"1707","36069",1
"1708","36071",1
"1709","36073",1
"1710","36077",1
"1711","36079",1
"1712","36083",1
"1713","36085",1
"1714","36087",1
"1715","36089",1
"1716","36091",1
"1717","36093",1
"1718","36095",1
"1719","36097",1
"1720","36099",1
"1721","36101",1
"1722","36105",1
"1723","36107",1
"1724","36109",1
"1725","36111",1
"1726","36113",1
"1727","36115",1
"1728","36121",1
"1729","36123",1
"1730","37001",1
"1731","37003",1
"1732","37005",1
"1733","37007",1
"1734","37009",1
"1735","37011",1
"1736","37013",1
"1737","37015",1
"1738","37017",1
"1739","37021",1
"1740","37023",1
"1741","37025",1
"1742","37027",1
"1743","37033",1
"1744","37035",1
"1745","37037",1
"1746","37039",1
"1747","37043",1
"1748","37045",1
"1749","37047",1
"1750","37049",1
"1751","37051",1
"1752","37057",1
"1753","37059",1
"1754","37061",1
"1755","37063",1
"1756","37065",1
"1757","37067",1
"1758","37069",1
"1759","37071",1
"1760","37073",1
"1761","37075",1
"1762","37077",1
"1763","37079",1
"1764","37081",1
"1765","37083",1
"1766","37085",1
"1767","37087",1
"1768","37089",1
"1769","37091",1
"1770","37093",1
"1771","37097",1
"1772","37099",1
"1773","37101",1
"1774","37103",1
"1775","37105",1
"1776","37107",1
"1777","37109",1
"1778","37111",1
"1779","37113",1
"1780","37115",1
"1781","37117",1
"1782","37119",1
"1783","37121",1
"1784","37123",1
"1785","37125",1
"1786","37127",1
"1787","37131",1
"1788","37135",1
"1789","37137",1
"1790","37139",1
"1791","37141",1
"1792","37143",1
"1793","37145",1
"1794","37147",1
"1795","37149",1
"1796","37151",1
"1797","37153",1
"1798","37155",1
"1799","37157",1
"1800","37159",1
"1801","37161",1
"1802","37163",1
"1803","37165",1
"1804","37167",1
"1805","37169",1
"1806","37171",1
"1807","37173",1
"1808","37175",1
"1809","37177",1
"1810","37179",1
"1811","37181",1
"1812","37183",1
"1813","37185",1
"1814","37187",1
"1815","37189",1
"1816","37191",1
"1817","37193",1
"1818","37195",1
"1819","37197",1
"1820","37199",1
"1821","38001",1
"1822","38003",1
"1823","38007",1
"1824","38009",1
"1825","38011",1
"1826","38013",1
"1827","38015",1
"1828","38017",1
"1829","38019",1
"1830","38021",1
"1831","38023",1
"1832","38025",1
"1833","38029",1
"1834","38031",1
"1835","38033",1
"1836","38035",1
"1837","38037",1
"1838","38039",1
"1839","38041",1
"1840","38043",1
"1841","38045",1
"1842","38047",1
"1843","38049",1
"1844","38051",1
"1845","38053",1
"1846","38055",1
"1847","38057",1
"1848","38059",1
"1849","38061",1
"1850","38063",1
"1851","38065",1
"1852","38067",1
"1853","38069",1
"1854","38071",1
"1855","38073",1
"1856","38075",1
"1857","38077",1
"1858","38079",1
"1859","38081",1
"1860","38083",1
"1861","38085",1
"1862","38087",1
"1863","38089",1
"1864","38091",1
"1865","38093",1
"1866","38095",1
"1867","38097",1
"1868","38099",1
"1869","38101",1
"1870","38103",1
"1871","38105",1
"1872","39001",1
"1873","39003",1
"1874","39005",1
"1875","39007",1
"1876","39009",1
"1877","39011",1
"1878","39013",1
"1879","39015",1
"1880","39017",1
"1881","39019",1
"1882","39021",1
"1883","39023",1
"1884","39025",1
"1885","39027",1
"1886","39029",1
"1887","39031",1
"1888","39033",1
"1889","39035",1
"1890","39037",1
"1891","39039",1
"1892","39041",1
"1893","39045",1
"1894","39047",1
"1895","39049",1
"1896","39051",1
"1897","39053",1
"1898","39055",1
"1899","39057",1
"1900","39059",1
"1901","39061",1
"1902","39063",1
"1903","39065",1
"1904","39067",1
"1905","39069",1
"1906","39071",1
"1907","39073",1
"1908","39075",1
"1909","39077",1
"1910","39079",1
"1911","39081",1
"1912","39083",1
"1913","39085",1
"1914","39087",1
"1915","39089",1
"1916","39091",1
"1917","39093",1
"1918","39095",1
"1919","39097",1
"1920","39099",1
"1921","39101",1
"1922","39103",1
"1923","39105",1
"1924","39107",1
"1925","39109",1
"1926","39111",1
"1927","39113",1
"1928","39115",1
"1929","39117",1
"1930","39119",1
"1931","39121",1
"1932","39125",1
"1933","39127",1
"1934","39129",1
"1935","39131",1
"1936","39133",1
"1937","39135",1
"1938","39137",1
"1939","39139",1
"1940","39141",1
"1941","39145",1
"1942","39147",1
"1943","39149",1
"1944","39151",1
"1945","39153",1
"1946","39155",1
"1947","39157",1
"1948","39159",1
"1949","39161",1
"1950","39163",1
"1951","39165",1
"1952","39167",1
"1953","39169",1
"1954","39171",1
"1955","39173",1
"1956","39175",1
"1957","40001",1
"1958","40003",1
"1959","40005",1
"1960","40007",1
"1961","40009",1
"1962","40011",1
"1963","40013",1
"1964","40015",1
"1965","40017",1
"1966","40019",1
"1967","40021",1
"1968","40023",1
"1969","40025",1
"1970","40027",1
"1971","40029",1
"1972","40031",1
"1973","40033",1
"1974","40035",1
"1975","40037",1
"1976","40039",1
"1977","40041",1
"1978","40043",1
"1979","40045",1
"1980","40047",1
"1981","40049",1
"1982","40051",1
"1983","40053",1
"1984","40055",1
"1985","40057",1
"1986","40059",1
"1987","40061",1
"1988","40063",1
"1989","40065",1
"1990","40067",1
"1991","40069",1
"1992","40071",1
"1993","40073",1
"1994","40075",1
"1995","40077",1
"1996","40081",1
"1997","40083",1
"1998","40085",1
"1999","40087",1
"2000","40089",1
"2001","40091",1
"2002","40093",1
"2003","40095",1
"2004","40097",1
"2005","40099",1
"2006","40101",1
"2007","40103",1
"2008","40105",1
"2009","40107",1
"2010","40109",1
"2011","40111",1
"2012","40113",1
"2013","40115",1
"2014","40117",1
"2015","40119",1
"2016","40121",1
"2017","40123",1
"2018","40125",1
"2019","40127",1
"2020","40129",1
"2021","40131",1
"2022","40133",1
"2023","40135",1
"2024","40137",1
"2025","40139",1
"2026","40141",1
"2027","40143",1
"2028","40145",1
"2029","40147",1
"2030","40149",1
"2031","40151",1
"2032","40153",1
"2033","41001",1
"2034","41003",1
"2035","41005",1
"2036","41009",1
"2037","41013",1
"2038","41015",1
"2039","41017",1
"2040","41019",1
"2041","41021",1
"2042","41023",1
"2043","41025",1
"2044","41027",1
"2045","41029",1
"2046","41031",1
"2047","41033",1
"2048","41035",1
"2049","41037",1
"2050","41039",1
"2051","41043",1
"2052","41045",1
"2053","41047",1
"2054","41049",1
"2055","41051",1
"2056","41053",1
"2057","41055",1
"2058","41059",1
"2059","41061",1
"2060","41063",1
"2061","41065",1
"2062","41067",1
"2063","41069",1
"2064","41071",1
"2065","42001",1
"2066","42003",1
"2067","42005",1
"2068","42007",1
"2069","42009",1
"2070","42011",1
"2071","42013",1
"2072","42015",1
"2073","42017",1
"2074","42019",1
"2075","42021",1
"2076","42023",1
"2077","42025",1
"2078","42027",1
"2079","42029",1
"2080","42031",1
"2081","42033",1
"2082","42035",1
"2083","42037",1
"2084","42039",1
"2085","42041",1
"2086","42043",1
"2087","42047",1
"2088","42049",1
"2089","42051",1
"2090","42053",1
"2091","42055",1
"2092","42057",1
"2093","42059",1
"2094","42061",1
"2095","42063",1
"2096","42065",1
"2097","42067",1
"2098","42069",1
"2099","42071",1
"2100","42073",1
"2101","42075",1
"2102","42077",1
"2103","42079",1
"2104","42081",1
"2105","42083",1
"2106","42085",1
"2107","42087",1
"2108","42089",1
"2109","42091",1
"2110","42093",1
"2111","42095",1
"2112","42097",1
"2113","42099",1
"2114","42103",1
"2115","42105",1
"2116","42107",1
"2117","42109",1
"2118","42111",1
"2119","42113",1
"2120","42115",1
"2121","42117",1
"2122","42119",1
"2123","42121",1
"2124","42123",1
"2125","42125",1
"2126","42127",1
"2127","42129",1
"2128","42131",1
"2129","42133",1
"2130","44003",1
"2131","44007",1
"2132","45001",1
"2133","45003",1
"2134","45005",1
"2135","45007",1
"2136","45009",1
"2137","45011",1
"2138","45021",1
"2139","45023",1
"2140","45025",1
"2141","45027",1
"2142","45031",1
"2143","45033",1
"2144","45035",1
"2145","45037",1
"2146","45039",1
"2147","45041",1
"2148","45045",1
"2149","45047",1
"2150","45049",1
"2151","45051",1
"2152","45055",1
"2153","45057",1
"2154","45059",1
"2155","45061",1
"2156","45063",1
"2157","45065",1
"2158","45067",1
"2159","45069",1
"2160","45071",1
"2161","45073",1
"2162","45075",1
"2163","45077",1
"2164","45079",1
"2165","45081",1
"2166","45083",1
"2167","45085",1
"2168","45087",1
"2169","45089",1
"2170","45091",1
"2171","46003",1
"2172","46005",1
"2173","46007",1
"2174","46009",1
"2175","46011",1
"2176","46013",1
"2177","46015",1
"2178","46017",1
"2179","46019",1
"2180","46021",1
"2181","46023",1
"2182","46025",1
"2183","46027",1
"2184","46029",1
"2185","46031",1
"2186","46033",1
"2187","46035",1
"2188","46037",1
"2189","46039",1
"2190","46041",1
"2191","46043",1
"2192","46045",1
"2193","46047",1
"2194","46049",1
"2195","46051",1
"2196","46053",1
"2197","46055",1
"2198","46057",1
"2199","46059",1
"2200","46061",1
"2201","46063",1
"2202","46065",1
"2203","46067",1
"2204","46069",1
"2205","46071",1
"2206","46073",1
"2207","46075",1
"2208","46077",1
"2209","46079",1
"2210","46081",1
"2211","46083",1
"2212","46085",1
"2213","46087",1
"2214","46089",1
"2215","46091",1
"2216","46093",1
"2217","46095",1
"2218","46097",1
"2219","46099",1
"2220","46101",1
"2221","46103",1
"2222","46105",1
"2223","46107",1
"2224","46109",1
"2225","46111",1
"2226","46113",1
"2227","46115",1
"2228","46117",1
"2229","46119",1
"2230","46121",1
"2231","46123",1
"2232","46125",1
"2233","46127",1
"2234","46129",1
"2235","46135",1
"2236","46137",1
"2237","47001",1
"2238","47003",1
"2239","47005",1
"2240","47007",1
"2241","47009",1
"2242","47011",1
"2243","47013",1
"2244","47015",1
"2245","47017",1
"2246","47019",1
"2247","47021",1
"2248","47023",1
"2249","47025",1
"2250","47027",1
"2251","47029",1
"2252","47031",1
"2253","47033",1
"2254","47035",1
"2255","47037",1
"2256","47039",1
"2257","47041",1
"2258","47043",1
"2259","47045",1
"2260","47047",1
"2261","47049",1
"2262","47051",1
"2263","47053",1
"2264","47055",1
"2265","47057",1
"2266","47059",1
"2267","47061",1
"2268","47063",1
"2269","47065",1
"2270","47067",1
"2271","47069",1
"2272","47071",1
"2273","47073",1
"2274","47075",1
"2275","47077",1
"2276","47079",1
"2277","47081",1
"2278","47083",1
"2279","47085",1
"2280","47087",1
"2281","47089",1
"2282","47091",1
"2283","47093",1
"2284","47095",1
"2285","47097",1
"2286","47099",1
"2287","47101",1
"2288","47103",1
"2289","47105",1
"2290","47107",1
"2291","47109",1
"2292","47111",1
"2293","47113",1
"2294","47115",1
"2295","47117",1
"2296","47119",1
"2297","47121",1
"2298","47123",1
"2299","47125",1
"2300","47127",1
"2301","47129",1
"2302","47131",1
"2303","47133",1
"2304","47135",1
"2305","47137",1
"2306","47139",1
"2307","47141",1
"2308","47143",1
"2309","47145",1
"2310","47147",1
"2311","47149",1
"2312","47151",1
"2313","47153",1
"2314","47155",1
"2315","47157",1
"2316","47159",1
"2317","47161",1
"2318","47163",1
"2319","47165",1
"2320","47167",1
"2321","47169",1
"2322","47171",1
"2323","47173",1
"2324","47175",1
"2325","47177",1
"2326","47179",1
"2327","47181",1
"2328","47183",1
"2329","47185",1
"2330","47187",1
"2331","47189",1
"2332","48001",1
"2333","48003",1
"2334","48005",1
"2335","48009",1
"2336","48011",1
"2337","48013",1
"2338","48015",1
"2339","48017",1
"2340","48019",1
"2341","48021",1
"2342","48023",1
"2343","48025",1
"2344","48027",1
"2345","48029",1
"2346","48031",1
"2347","48033",1
"2348","48035",1
"2349","48037",1
"2350","48041",1
"2351","48043",1
"2352","48045",1
"2353","48047",1
"2354","48049",1
"2355","48051",1
"2356","48053",1
"2357","48055",1
"2358","48059",1
"2359","48063",1
"2360","48065",1
"2361","48067",1
"2362","48069",1
"2363","48073",1
"2364","48075",1
"2365","48077",1
"2366","48079",1
"2367","48081",1
"2368","48083",1
"2369","48085",1
"2370","48087",1
"2371","48089",1
"2372","48091",1
"2373","48093",1
"2374","48095",1
"2375","48097",1
"2376","48099",1
"2377","48101",1
"2378","48103",1
"2379","48105",1
"2380","48107",1
"2381","48109",1
"2382","48111",1
"2383","48113",1
"2384","48115",1
"2385","48117",1
"2386","48119",1
"2387","48121",1
"2388","48123",1
"2389","48125",1
"2390","48127",1
"2391","48129",1
"2392","48131",1
"2393","48133",1
"2394","48135",1
"2395","48137",1
"2396","48139",1
"2397","48141",1
"2398","48143",1
"2399","48145",1
"2400","48147",1
"2401","48149",1
"2402","48151",1
"2403","48153",1
"2404","48155",1
"2405","48157",1
"2406","48159",1
"2407","48161",1
"2408","48163",1
"2409","48165",1
"2410","48169",1
"2411","48171",1
"2412","48173",1
"2413","48175",1
"2414","48177",1
"2415","48179",1
"2416","48181",1
"2417","48183",1
"2418","48185",1
"2419","48187",1
"2420","48189",1
"2421","48191",1
"2422","48193",1
"2423","48195",1
"2424","48197",1
"2425","48199",1
"2426","48203",1
"2427","48205",1
"2428","48207",1
"2429","48209",1
"2430","48211",1
"2431","48213",1
"2432","48215",1
"2433","48217",1
"2434","48219",1
"2435","48221",1
"2436","48223",1
"2437","48225",1
"2438","48227",1
"2439","48229",1
"2440","48231",1
"2441","48233",1
"2442","48235",1
"2443","48237",1
"2444","48239",1
"2445","48241",1
"2446","48243",1
"2447","48245",1
"2448","48247",1
"2449","48249",1
"2450","48251",1
"2451","48253",1
"2452","48255",1
"2453","48257",1
"2454","48259",1
"2455","48263",1
"2456","48265",1
"2457","48267",1
"2458","48269",1
"2459","48271",1
"2460","48273",1
"2461","48275",1
"2462","48277",1
"2463","48279",1
"2464","48281",1
"2465","48283",1
"2466","48285",1
"2467","48287",1
"2468","48289",1
"2469","48291",1
"2470","48293",1
"2471","48295",1
"2472","48297",1
"2473","48299",1
"2474","48301",1
"2475","48303",1
"2476","48305",1
"2477","48307",1
"2478","48309",1
"2479","48311",1
"2480","48313",1
"2481","48315",1
"2482","48317",1
"2483","48319",1
"2484","48323",1
"2485","48325",1
"2486","48327",1
"2487","48329",1
"2488","48331",1
"2489","48333",1
"2490","48335",1
"2491","48337",1
"2492","48339",1
"2493","48341",1
"2494","48343",1
"2495","48345",1
"2496","48347",1
"2497","48349",1
"2498","48351",1
"2499","48353",1
"2500","48357",1
"2501","48359",1
"2502","48361",1
"2503","48363",1
"2504","48365",1
"2505","48367",1
"2506","48369",1
"2507","48371",1
"2508","48373",1
"2509","48375",1
"2510","48377",1
"2511","48379",1
"2512","48381",1
"2513","48383",1
"2514","48385",1
"2515","48387",1
"2516","48389",1
"2517","48391",1
"2518","48393",1
"2519","48395",1
"2520","48397",1
"2521","48399",1
"2522","48401",1
"2523","48403",1
"2524","48405",1
"2525","48407",1
"2526","48411",1
"2527","48413",1
"2528","48415",1
"2529","48417",1
"2530","48419",1
"2531","48421",1
"2532","48423",1
"2533","48425",1
"2534","48427",1
"2535","48429",1
"2536","48431",1
"2537","48433",1
"2538","48435",1
"2539","48437",1
"2540","48439",1
"2541","48441",1
"2542","48443",1
"2543","48445",1
"2544","48447",1
"2545","48449",1
"2546","48451",1
"2547","48453",1
"2548","48455",1
"2549","48457",1
"2550","48459",1
"2551","48461",1
"2552","48463",1
"2553","48465",1
"2554","48467",1
"2555","48469",1
"2556","48471",1
"2557","48473",1
"2558","48475",1
"2559","48477",1
"2560","48479",1
"2561","48481",1
"2562","48483",1
"2563","48485",1
"2564","48487",1
"2565","48491",1
"2566","48493",1
"2567","48495",1
"2568","48497",1
"2569","48499",1
"2570","48501",1
"2571","48503",1
"2572","48505",1
"2573","48507",1
"2574","49001",1
"2575","49003",1
"2576","49005",1
"2577","49007",1
"2578","49009",1
"2579","49011",1
"2580","49013",1
"2581","49015",1
"2582","49017",1
"2583","49019",1
"2584","49021",1
"2585","49023",1
"2586","49025",1
"2587","49027",1
"2588","49029",1
"2589","49031",1
"2590","49033",1
"2591","49035",1
"2592","49039",1
"2593","49041",1
"2594","49043",1
"2595","49045",1
"2596","49047",1
"2597","49049",1
"2598","49051",1
"2599","49053",1
"2600","49055",1
"2601","49057",1
"2602","50001",1
"2603","50003",1
"2604","50005",1
"2605","50007",1
"2606","50009",1
"2607","50011",1
"2608","50013",1
"2609","50015",1
"2610","50017",1
"2611","50019",1
"2612","50021",1
"2613","50023",1
"2614","50025",1
"2615","50027",1
"2616","51007",1
"2617","51009",1
"2618","51011",1
"2619","51017",1
"2620","51021",1
"2621","51023",1
"2622","51025",1
"2623","51027",1
"2624","51029",1
"2625","51031",1
"2626","51033",1
"2627","51035",1
"2628","51036",1
"2629","51037",1
"2630","51041",1
"2631","51043",1
"2632","51045",1
"2633","51047",1
"2634","51049",1
"2635","51051",1
"2636","51053",1
"2637","51057",1
"2638","51061",1
"2639","51063",1
"2640","51065",1
"2641","51067",1
"2642","51071",1
"2643","51073",1
"2644","51075",1
"2645","51077",1
"2646","51079",1
"2647","51083",1
"2648","51085",1
"2649","51087",1
"2650","51091",1
"2651","51093",1
"2652","51095",1
"2653","51097",1
"2654","51099",1
"2655","51101",1
"2656","51105",1
"2657","51107",1
"2658","51109",1
"2659","51111",1
"2660","51113",1
"2661","51117",1
"2662","51121",1
"2663","51125",1
"2664","51127",1
"2665","51135",1
"2666","51137",1
"2667","51139",1
"2668","51141",1
"2669","51143",1
"2670","51145",1
"2671","51147",1
"2672","51149",1
"2673","51155",1
"2674","51157",1
"2675","51159",1
"2676","51167",1
"2677","51169",1
"2678","51171",1
"2679","51173",1
"2680","51175",1
"2681","51177",1
"2682","51179",1
"2683","51181",1
"2684","51183",1
"2685","51185",1
"2686","51187",1
"2687","51191",1
"2688","51197",1
"2689","51510",1
"2690","51515",1
"2691","51530",1
"2692","51540",1
"2693","51550",1
"2694","51570",1
"2695","51580",1
"2696","51590",1
"2697","51595",1
"2698","51600",1
"2699","51610",1
"2700","51620",1
"2701","51630",1
"2702","51640",1
"2703","51650",1
"2704","51660",1
"2705","51678",1
"2706","51680",1
"2707","51683",1
"2708","51685",1
"2709","51690",1
"2710","51700",1
"2711","51710",1
"2712","51720",1
"2713","51730",1
"2714","51750",1
"2715","51760",1
"2716","51770",1
"2717","51775",1
"2718","51790",1
"2719","51800",1
"2720","51820",1
"2721","51830",1
"2722","51840",1
"2723","53001",1
"2724","53003",1
"2725","53005",1
"2726","53007",1
"2727","53011",1
"2728","53013",1
"2729","53015",1
"2730","53017",1
"2731","53019",1
"2732","53021",1
"2733","53023",1
"2734","53025",1
"2735","53033",1
"2736","53037",1
"2737","53039",1
"2738","53041",1
"2739","53043",1
"2740","53045",1
"2741","53047",1
"2742","53051",1
"2743","53053",1
"2744","53059",1
"2745","53063",1
"2746","53065",1
"2747","53071",1
"2748","53073",1
"2749","53075",1
"2750","53077",1
"2751","54001",1
"2752","54003",1
"2753","54005",1
"2754","54007",1
"2755","54009",1
"2756","54011",1
"2757","54015",1
"2758","54017",1
"2759","54019",1
"2760","54021",1
"2761","54023",1
"2762","54025",1
"2763","54027",1
"2764","54029",1
"2765","54031",1
"2766","54033",1
"2767","54035",1
"2768","54037",1
"2769","54039",1
"2770","54041",1
"2771","54043",1
"2772","54045",1
"2773","54047",1
"2774","54049",1
"2775","54051",1
"2776","54053",1
"2777","54055",1
"2778","54057",1
"2779","54059",1
"2780","54061",1
"2781","54063",1
"2782","54065",1
"2783","54067",1
"2784","54069",1
"2785","54071",1
"2786","54073",1
"2787","54075",1
"2788","54077",1
"2789","54079",1
"2790","54081",1
"2791","54083",1
"2792","54085",1
"2793","54087",1
"2794","54089",1
"2795","54091",1
"2796","54093",1
"2797","54095",1
"2798","54097",1
"2799","54099",1
"2800","54101",1
"2801","54103",1
"2802","54105",1
"2803","54107",1
"2804","54109",1
"2805","55001",1
"2806","55005",1
"2807","55011",1
"2808","55013",1
"2809","55015",1
"2810","55017",1
"2811","55019",1
"2812","55021",1
"2813","55023",1
"2814","55025",1
"2815","55027",1
"2816","55033",1
"2817","55035",1
"2818","55037",1
"2819","55039",1
"2820","55041",1
"2821","55043",1
"2822","55045",1
"2823","55047",1
"2824","55049",1
"2825","55053",1
"2826","55055",1
"2827","55057",1
"2828","55059",1
"2829","55061",1
"2830","55063",1
"2831","55065",1
"2832","55067",1
"2833","55069",1
"2834","55071",1
"2835","55073",1
"2836","55077",1
"2837","55078",1
"2838","55079",1
"2839","55081",1
"2840","55083",1
"2841","55085",1
"2842","55087",1
"2843","55089",1
"2844","55091",1
"2845","55093",1
"2846","55095",1
"2847","55097",1
"2848","55099",1
"2849","55101",1
"2850","55103",1
"2851","55105",1
"2852","55107",1
"2853","55109",1
"2854","55111",1
"2855","55113",1
"2856","55115",1
"2857","55117",1
"2858","55119",1
"2859","55121",1
"2860","55123",1
"2861","55125",1
"2862","55127",1
"2863","55129",1
"2864","55131",1
"2865","55133",1
"2866","55135",1
"2867","55137",1
"2868","55139",1
"2869","55141",1
"2870","56001",1
"2871","56003",1
"2872","56005",1
"2873","56007",1
"2874","56009",1
"2875","56011",1
"2876","56013",1
"2877","56015",1
"2878","56017",1
"2879","56019",1
"2880","56021",1
"2881","56023",1
"2882","56025",1
"2883","56027",1
"2884","56029",1
"2885","56031",1
"2886","56033",1
"2887","56035",1
"2888","56037",1
"2889","56039",1
"2890","56041",1
"2891","56043",1
"2892","56045",1
"2893","01003",1
"2894","01097",1
"2895","06013",1
"2896","06023",1
"2897","06041",1
"2898","06073",1
"2899","06075",1
"2900","06083",1
"2901","06111",1
"2902","09001",1
"2903","09007",1
"2904","09011",1
"2905","10003",1
"2906","12005",1
"2907","12009",1
"2908","12011",1
"2909","12015",1
"2910","12017",1
"2911","12021",1
"2912","12029",1
"2913","12031",1
"2914","12035",1
"2915","12037",1
"2916","12045",1
"2917","12057",1
"2918","12061",1
"2919","12071",1
"2920","12075",1
"2921","12081",1
"2922","12085",1
"2923","12086",1
"2924","12089",1
"2925","12091",1
"2926","12099",1
"2927","12107",1
"2928","12109",1
"2929","12111",1
"2930","12113",1
"2931","12115",1
"2932","12117",1
"2933","12127",1
"2934","12129",1
"2935","13039",1
"2936","13051",1
"2937","13127",1
"2938","13179",1
"2939","13191",1
"2940","15003",1
"2941","15007",1
"2942","15009",1
"2943","22075",1
"2944","22087",1
"2945","22109",1
"2946","23005",1
"2947","23009",1
"2948","23013",1
"2949","23015",1
"2950","23029",1
"2951","24003",1
"2952","24009",1
"2953","24019",1
"2954","24029",1
"2955","24035",1
"2956","24037",1
"2957","24039",1
"2958","24041",1
"2959","24510",1
"2960","25001",1
"2961","25007",1
"2962","25009",1
"2963","25019",1
"2964","25023",1
"2965","25025",1
"2966","26003",1
"2967","26007",1
"2968","26011",1
"2969","26029",1
"2970","26033",1
"2971","26041",1
"2972","26047",1
"2973","26055",1
"2974","26061",1
"2975","26063",1
"2976","26083",1
"2977","26089",1
"2978","26097",1
"2979","26103",1
"2980","26115",1
"2981","26147",1
"2982","26163",1
"2983","27031",1
"2984","28021",1
"2985","28045",1
"2986","28047",1
"2987","28059",1
"2988","33015",1
"2989","33017",1
"2990","34001",1
"2991","34011",1
"2992","34029",1
"2993","34033",1
"2994","36005",1
"2995","36045",1
"2996","36047",1
"2997","36061",1
"2998","36063",1
"2999","36075",1
"3000","36081",1
"3001","36103",1
"3002","36117",1
"3003","36119",1
"3004","37019",1
"3005","37029",1
"3006","37031",1
"3007","37041",1
"3008","37053",1
"3009","37055",1
"3010","37095",1
"3011","37129",1
"3012","37133",1
"3013","38005",1
"3014","38027",1
"3015","39043",1
"3016","39123",1
"3017","39143",1
"3018","41007",1
"3019","41011",1
"3020","41041",1
"3021","41057",1
"3022","42101",1
"3023","44001",1
"3024","44005",1
"3025","44009",1
"3026","45015",1
"3027","45029",1
"3028","45043",1
"3029","48039",1
"3030","48061",1
"3031","48071",1
"3032","48201",1
"3033","48261",1
"3034","48321",1
"3035","48409",1
"3036","48489",1
"3037","51001",1
"3038","51003",1
"3039","51005",1
"3040","51013",1
"3041","51015",1
"3042","51019",1
"3043","51059",1
"3044","51069",1
"3045","51081",1
"3046","51089",1
"3047","51103",1
"3048","51115",1
"3049","51119",1
"3050","51131",1
"3051","51133",1
"3052","51153",1
"3053","51161",1
"3054","51163",1
"3055","51165",1
"3056","51193",1
"3057","51195",1
"3058","51199",1
"3059","51520",1
"3060","51670",1
"3061","51735",1
"3062","51740",1
"3063","51810",1
"3064","53009",1
"3065","53027",1
"3066","53035",1
"3067","53049",1
"3068","53067",1
"3069","53069",1
"3070","55003",1
"3071","55007",1
"3072","55009",1
"3073","55029",1
"3074","55031",1
"3075","55075",1
"3076","53057",1
"3077","53031",1
"3078","53061",1
"3079","53029",1
"3080","36059",1
"3081","24047",1
"3082","45019",1
"3083","45053",1
"3084","12087",1
"3085","12103",1
"3086","22057",1
"3087","06059",1
"3088","23027",1
"3089","22051",1
"3090","48167",1
"3091","55051",1
"3092","22101",1
"3093","42045",1
"3094","48007",1
"3095","48355",1
"3096","40079",1
"3097","23023",1
"3098","45013",1
"3099","48057",1
"3100","12013",1
"3101","13037",1
"3102","05013",1
"3103","45017",1
"3104","01015",1
"3105","28013",1
"3106","54013",1
"3107","17013",1
"3108","26025",1
"3109","19025",1
"3110","35045",1
"3111","08111",1
"3112","49037",1
"3113","53055",1
"3114","ALD01",1
"3115","ALD02",1
"3116","ALD03",1
"3117","ALD04",1
"3118","ALD05",1
"3119","ALD06",1
"3120","ALD07",1
"3121","ALD08",1
"3122","ALD09",1
"3123","ALD10",1
"3124","ALD11",1
"3125","ALD12",1
"3126","ALD13",1
"3127","ALD14",1
"3128","ALD15",1
"3129","ALD16",1
"3130","ALD17",1
"3131","ALD18",1
"3132","ALD19",1
"3133","ALD20",1
"3134","ALD21",1
"3135","ALD22",1
"3136","ALD23",1
"3137","ALD24",1
"3138","ALD25",1
"3139","ALD26",1
"3140","ALD27",1
"3141","ALD28",1
"3142","ALD29",1
"3143","ALD30",1
"3144","ALD31",1
"3145","ALD32",1
"3146","ALD33",1
"3147","ALD34",1
"3148","ALD35",1
"3149","ALD36",1
"3150","ALD37",1
"3151","ALD38",1
"3152","ALD39",1
"3153","ALD40",1
"3154","15005",1
"3155","02000",1
"3156","02013",1
"3157","02016",1
"3158","02020",1
"3159","02050",1
"3160","02060",1
"3161","02068",1
"3162","02070",1
"3163","02090",1
"3164","02100",1
"3165","02105",1
"3166","02110",1
"3167","02122",1
"3168","02130",1
"3169","02150",1
"3170","02164",1
"3171","02170",1
"3172","02180",1
"3173","02185",1
"3174","02188",1
"3175","02195",1
"3176","02198",1
"3177","02220",1
"3178","02230",1
"3179","02240",1
"3180","02261",1
"3181","02270",1
"3182","02275",1
"3183","02282",1
"3184","02290",1
"3185","46102",1
"3186","60010",1
"3187","60020",1
"3188","60030",1
"3189","60040",1
"3190","60050",1
"3191","66010",1
"3192","69085",1
"3193","69100",1
"3194","69110",1
"3195","69120",1
"3196","72001",1
"3197","72003",1
"3198","72005",1
"3199","72007",1
"3200","72009",1
"3201","72011",1
"3202","72013",1
"3203","72015",1
"3204","72017",1
"3205","72019",1
"3206","72021",1
"3207","72023",1
"3208","72025",1
"3209","72027",1
"3210","72029",1
"3211","72031",1
"3212","72033",1
"3213","72035",1
"3214","72037",1
"3215","72039",1
"3216","72041",1
"3217","72043",1
"3218","72045",1
"3219","72047",1
"3220","72049",1
"3221","72051",1
"3222","72053",1
"3223","72054",1
"3224","72055",1
"3225","72057",1
"3226","72059",1
"3227","72061",1
"3228","72063",1
"3229","72065",1
"3230","72067",1
"3231","72069",1
"3232","72071",1
"3233","72073",1
"3234","72075",1
"3235","72077",1
"3236","72079",1
"3237","72081",1
"3238","72083",1
"3239","72085",1
"3240","72087",1
"3241","72089",1
"3242","72091",1
"3243","72093",1
"3244","72095",1
"3245","72097",1
"3246","72099",1
"3247","72101",1
"3248","72103",1
"3249","72105",1
"3250","72107",1
"3251","72109",1
"3252","72111",1
"3253","72113",1
"3254","72115",1
"3255","72117",1
"3256","72119",1
"3257","72121",1
"3258","72123",1
"3259","72125",1
"3260","72127",1
"3261","72129",1
"3262","72131",1
"3263","72133",1
"3264","72135",1
"3265","72137",1
"3266","72139",1
"3267","72141",1
"3268","72143",1
"3269","72145",1
"3270","72147",1
"3271","72149",1
"3272","72151",1
"3273","72153",1
"3274","74300",1
"3275","78010",1
"3276","78020",1
"3277","78030",1
